編號,區別,里別,固定里民活動場所地址,座標X,座標Y,經度,緯度,定位用地址
1,松山,莊敬里,撫遠街394之1號,307050.688,2773107.964,121.5654865,25.0651045,臺北市松山區撫遠街394之1號
2,松山,東榮里,民生東路5段69巷3號,306312.002,2772437.753,121.5581375,25.0590816,臺北市松山區民生東路五段69巷3號
3,松山,富錦里,富錦街515號,306975.115,2772671.744,121.5647194,25.0611692,臺北市松山區富錦街515號
4,松山,新東里,延壽街3號1樓,307404.234,2772257.211,121.5689552,25.0574107,臺北市松山區延壽街3號
5,松山,富泰里,三民路108號之18、19,306874.744,2772270.002,121.563708,25.0575461,臺北市松山區三民路108之18號
6,松山,介壽里,民生東路5段36巷4弄6號1樓,306438.136,2772292.848,121.5593817,25.0577688,臺北市松山區民生東路五段36巷4弄6號
7,松山,東昌里,民生東路4段112巷7弄24號1樓,306023.242,2772161.605,121.5552643,25.0565993,臺北市松山區民生東路四段112巷7弄24號
8,松山,東勢里,南京東路4段133巷8弄4號1樓,305994.785,2771783.413,121.5549669,25.0531861,臺北市松山區南京東路四段133巷8弄4號
9,松山,民福里,民權東路3段103巷5弄5號1樓,305008.684,2772854.82,121.5452368,25.0628949,臺北市松山區民權東路三段103巷5弄5號
10,松山,吉祥里,八德路4段245巷52弄23號,306804.41,2771482.528,121.5629784,25.0504396,臺北市松山區八德路四段245巷52弄23號
11,松山,新聚里,南京東路5段250巷9之8號,307085.841,2771427.97,121.5657653,25.0499364,臺北市松山區南京東路五段250巷9之8號
12,松山,美仁里,八德路3段99巷12之8號,305852.379,2771322.655,121.5535369,25.0490317,臺北市松山區八德路三段99巷12之8號
13,松山,復源里,八德路3段158巷12號,306009.295,2771156.623,121.5550852,25.047527,臺北市松山區八德路三段158巷12號
14,松山,復勢里,光復北路120巷16號1樓,306215.513,2771530.788,121.5571442,25.0508973,臺北市松山區光復北路120巷16號
15,松山,福成里,敦化南路1段100巷5弄4號,305273.548,2770920.611,121.5477844,25.0454234,臺北市松山區敦化南路一段100巷5弄4號
16,松山,敦化里,八德路3段12巷51弄30號,305664.54,2770997.903,121.5516622,25.0461068,臺北市松山區八德路三段12巷51弄30號
17,信義,松光里,忠孝東路5段492巷32號1樓,308355.805,2770303.363,121.5783035,25.0397352,臺北市信義區忠孝東路五段492巷32號
18,信義,三犁里,信義路5段150巷14弄6號,307465.001,2769045.313,121.5694236,25.0284117,臺北市信義區信義路五段150巷14弄6號
19,信義,四維里,虎林街70巷1號,308200.255,2770802.789,121.5767832,25.0442499,臺北市信義區虎林街70巷1號
20,信義,松友里,信義路6段76巷2弄22號,308139.631,2769711.004,121.5761363,25.0343957,臺北市信義區信義路六段76巷2弄22號
21,信義,廣居里,忠孝東路5段372巷27弄75-1號,308168.883,2770313.154,121.5764516,25.0398307,臺北市信義區忠孝東路五段372巷27弄75之1號
22,信義,六藝里,永吉路180巷30號,307655.939,2770841.015,121.5713906,25.0446158,臺北市信義區永吉路180巷30號
23,信義,泰和里,松仁路308巷60號,307534.731,2768256.372,121.5700816,25.0212866,臺北市信義區松仁路308巷60號
24,信義,黎順里,崇德街15號,305859.155,2768595.902,121.5534936,25.0244146,臺北市信義區崇德街15號
25,信義,五常里,永吉路187巷6弄6號,307817.971,2771050.818,121.5730052,25.0465037,臺北市信義區永吉路187巷6弄6號
26,信義,大道里,忠孝東路5段790巷62弄4號,308838.123,2770455.842,121.5830896,25.041093,臺北市信義區忠孝東路五段790巷62弄4號
27,信義,中興里,嘉興街58號,306313.191,2769351.258,121.5580232,25.031217,臺北市信義區嘉興街58號
28,信義,五全里,永吉路278巷1弄13號,307977.79,2770887.456,121.5745821,25.0450228,臺北市信義區永吉路278巷1弄13號
29,信義,雙和里,吳興街284巷24弄16號,306819.254,2768580.23,121.5630059,25.0242374,臺北市信義區吳興街284巷24弄16號
30,信義,敦厚里,永吉路30巷102弄14號,307339.761,2770730.864,121.5682527,25.0436334,臺北市信義區永吉路30巷102弄14號
31,信義,中坡里,福德街127號1樓,308788.903,2770047.228,121.5825844,25.037406,臺北市信義區福德街127號
32,信義,黎平里,富陽街55巷9號,306240.034,2768395.451,121.5572593,25.0225908,臺北市信義區富陽街55巷9號
33,信義,中行里,福德街268巷32號,309107.611,2770323.871,121.5857544,25.0398911,臺北市信義區福德街268巷32號
34,信義,國業里,虎林街222巷15號,308226.932,2770011.732,121.5770141,25.0371073,臺北市信義區虎林街222巷15號
35,信義,永春里,松山路287巷3弄21號,308354.785,2770718.677,121.578311,25.0434846,臺北市信義區松山路287巷3弄21號
36,信義,新仁里,忠孝東路4段553巷22弄21號1樓,306831.133,2770760.827,121.5632135,25.0439231,臺北市信義區忠孝東路四段553巷22弄21號
37,信義,嘉興里,嘉興街175巷6號,306269.958,2768948.955,121.5575784,25.0275867,臺北市信義區嘉興街175巷6號
38,信義,雅祥里,基隆路一段35巷7弄35號,307657.528,2771217.887,121.5714221,25.0480181,臺北市信義區基隆路一段35巷7弄35號
39,信義,興雅里,松隆路26號,307229.689,2770671.541,121.5671595,25.043102,臺北市信義區松隆路26號
40,信義,安康里,虎林街232巷55號,308138.212,2769872.286,121.5761291,25.0358518,臺北市信義區虎林街232巷55號
41,信義,興隆里,基隆路1段350-23號,306635.153,2769918.43,121.5612368,25.0363254,臺北市信義區基隆路一段350之23號
42,信義,富台里,忠孝東路5段423巷4弄22號1樓,308178.233,2770470.564,121.5765509,25.0412515,臺北市信義區忠孝東路五段423巷4弄22號
43,大安,仁慈里,復興南路1段295巷18號1樓,304886.3631,2769940.701,121.5439083,25.0365909,臺北市大安區復興南路一段295巷18號
44,大安,誠安里,安東街28號1樓,304734.0562,2770785.965,121.5424326,25.0442274,臺北市大安區安東街28號
45,大安,光武里,敦化南路1段160巷20號1樓,305349.7222,2770702.956,121.5485305,25.0434556,臺北市大安區敦化南路一段160巷20號
46,大安,龍安里,和平東路1段199巷4之9號1樓,303902.079,2768805.75,121.5341103,25.02638,臺北市大安區和平東路一段199巷4之9號
47,大安,福住里,永康街47巷10之1號1樓,303490.3913,2769211.456,121.5300468,25.0300573,臺北市大安區永康街47巷10之1號
48,大安,永康里,金華街199巷3弄6號1樓,303326.8055,2769267.053,121.528428,25.030565,臺北市大安區金華街199巷3弄6號
49,大安,光明里,信義路2段86巷26號1樓,303062.9758,2769622.153,121.5258274,25.0337801,臺北市大安區信義路二段86巷26號
50,大安,錦泰里,杭州南路2段65巷10號1樓,302758.1274,2769169.819,121.5227893,25.0297071,臺北市大安區杭州南路二段65巷10號
51,大安,錦華里,杭州南路2段93巷1之1號,302696.688,2769047.948,121.5221758,25.028609,臺北市大安區杭州南路二段93巷1之1號
52,大安,龍圖里,建國南路2段25巷6號1樓,304328.4099,2769467.743,121.5383607,25.0323412,臺北市大安區建國南路二段25巷6號
53,大安,龍雲里,大安路2段160巷24號1樓,305027.8276,2769070.55,121.5452754,25.0287301,臺北市大安區大安路二段160巷24號
54,大安,住安里,信義路4段30巷27弄23號1樓,305062.8002,2769435.392,121.5456365,25.0320226,臺北市大安區信義路四段30巷27弄23號
55,大安,通化里,通化街19巷19號,306039.235,2769407.94,121.5553109,25.0317389,臺北市大安區通化街19巷19號
56,大安,臨江里,通化街143巷33號1樓,306109.4983,2769049.117,121.5559925,25.0284969,臺北市大安區通化街143巷33號
57,大安,法治里,通化街201號1樓,305837.9478,2768846.84,121.5532936,25.0266808,臺北市大安區通化街201號
58,大安,群賢里,和平東路2段311巷43弄36號1樓,305030.6225,2768724.812,121.5452893,25.0256087,臺北市大安區和平東路二段311巷43弄36號
59,大安,虎嘯里,和平東路3段46-5號1樓,305299.6897,2768581.469,121.5479496,25.0243048,臺北市大安區和平東路三段46之5號
60,大安,龍淵里,和平東路2段118巷2弄6號1樓,304738.1324,2768685.313,121.5423896,25.0252627,臺北市大安區和平東路二段118巷2弄6號
61,大安,大學里,溫州街74巷2弄4號1樓,303770.0305,2768092.71,121.5327741,25.0199474,臺北市大安區溫州街74巷2弄4號
62,大安,黎孝里,臥龍街267之10號1樓,305180.6667,2768592.054,121.5467707,25.0244047,臺北市大安區臥龍街267之10號
63,大安,黎和里,富陽街111號1樓,306195.8905,2768071.197,121.5568087,25.0196651,臺北市大安區富陽街111號
64,大安,敦煌里,信義路4段265巷21弄22號1樓,306080.7935,2769627.66,121.5557316,25.033721,臺北市大安區信義路四段265巷21弄22號
65,大安,黎元里,台北市大安區臥龍街187號,305713.101,2767876.19,121.5520174,25.0179224,臺北市大安區臥龍街187號
66,大安,臥龍里,復興南路2段355號1樓,304859.1319,2768445.965,121.543579,25.0230975,臺北市大安區復興南路二段355號
67,大安,全安里,和平東路3段119巷25號1樓,305644.071,2768780.648,121.5513699,25.0260904,臺北市大安區和平東路三段119巷25號
68,大安,古莊里,浦城街16巷2號1樓,303149.14,2768505.11,121.5266382,25.0236925,臺北市大安區浦城街16巷2號
69,中山,正義里,林森北路133巷78號1樓,303218.67,2771496.484,121.5274426,25.050696,臺北市中山區林森北路133巷78號
70,中山,恆安里,中山北路二段183巷9號1樓,302859.68,2772946.3,121.5239404,25.0637974,臺北市中山區中山北路二段183巷9號
71,中山,晴光里,雙城街18巷20號1樓,302763.999,2773121.733,121.5229988,25.0653846,臺北市中山區雙城街18巷20號
72,中山,新庄里,農安街125巷43號1樓,303464.729,2773210.944,121.5299477,25.0661653,臺北市中山區農安街125巷43號
73,中山,新喜里,德惠街170巷19號1樓,303657.277,2773161.319,121.5318543,25.0657105,臺北市中山區德惠街170巷19號
74,中山,行仁里,民族東路410巷23弄18號1樓,304411.131,2773279.69,121.5393309,25.0667522,臺北市中山區民族東路410巷23弄18號
75,中山,江山里,合江街130巷17號1樓,304312.902,2772484.654,121.5383259,25.0595782,臺北市中山區合江街130巷17號
76,中山,中吉里,松江路204巷65號1樓,303573.744,2772252.926,121.530991,25.0575126,臺北市中山區松江路204巷65號
77,中山,中央里,伊通街125巷11之1號1樓,304020.812,2771873.46,121.535407,25.0540709,臺北市中山區伊通街125巷11之1號
78,中山,松江里,松江路259巷34號1樓,303938.412,2772477.538,121.534614,25.0595274,臺北市中山區松江路259巷34號
79,中山,圓山里,新生北路3段82巷32號,303105.353,2773305.111,121.5263893,25.0670281,臺北市中山區新生北路三段82巷32號
80,中山,新生里,新生北路2段133巷45號1樓,303398.706,2772628.056,121.5292707,25.0609054,臺北市中山區新生北路二段133巷45號
81,中山,中山里,中山北路2段59巷18號1樓,302854.077,2772060.957,121.5238509,25.0558048,臺北市中山區中山北路二段59巷18號
82,中山,聚葉里,中山北路二段137巷35號,302946.889,2772719.633,121.5247961,25.061748,臺北市中山區中山北路二段137巷35號
83,中山,集英里,天祥路16巷12號1樓,302522.451,2772649.171,121.5205866,25.0611267,臺北市中山區天祥路16巷12號
84,中山,龍洲里,興安街59號,304748.879,2772131.242,121.542633,25.0563719,臺北市中山區興安街59號
85,中山,行政里,民權東路二段135巷20弄18號1樓,303914.368,2772945.558,121.534394,25.0637535,臺北市中山區民權東路二段135巷20弄18號
86,中山,力行里,遼寧街45巷24號1樓,304783.543,2771282.317,121.5429427,25.0487066,臺北市中山區遼寧街45巷24號
87,中山,大直里,北安路573巷6號1樓,305233.603,2774892.546,121.5475478,25.081283,臺北市中山區北安路573巷6號
88,中山,永安里,明水路389號,305132.705,2774481.542,121.5465312,25.0775762,臺北市中山區明水路389號
89,中正,河堤里,金門街11-1號1樓,302830.89,2768291.213,121.5234766,25.0217725,臺北市中正區金門街11之1號
90,中正,龍福里,牯嶺街28-1號1樓,302075.82,2769230.302,121.5160307,25.0302768,臺北市中正區牯嶺街28之1號
91,中正,永功里,汀州路1段324號1樓,301692.821,2768816.763,121.5122201,25.0265565,臺北市中正區汀州路一段324號
92,中正,永昌里,汀州路1段242巷17號1樓,301452.316,2768875.251,121.5098392,25.0270927,臺北市中正區汀州路一段242巷17號
93,中正,林興里,水源路21號1樓,303006.882,2767729.837,121.5251988,25.0166983,臺北市中正區水源路21號
94,中正,板溪里,汀州路2段151號1樓,302575.542,2768602.53,121.5209585,25.024592,臺北市中正區汀州路二段151號
95,中正,忠勤里,中華路2段303巷14號1樓,300995.54,2769140.972,121.505323,25.0295071,臺北市中正區中華路二段303巷14號
96,中正,網溪里,牯嶺街165號1樓,302392.451,2768297.158,121.5191327,25.0218414,臺北市中正區牯嶺街165號
97,中正,文北里,杭州南路一段77巷3號,303074.221,2770221.46,121.5259619,25.0391902,臺北市中正區杭州南路一段77巷3號
98,中正,螢雪里,福州街59號1樓,301908.949,2768833.9,121.5143623,25.0267038,臺北市中正區福州街59號
99,中正,東門里,仁愛路1段53號,302940.627,2770152.655,121.5246354,25.0385737,臺北市中正區仁愛路一段53號
100,中正,文祥里,杭州南路1段131巷22號,303131.375,2769883.494,121.5265152,25.0361371,臺北市中正區杭州南路一段131巷22號
101,中正,光復里,開封街1段105號之2,301475.957,2770972.058,121.5101518,25.0460218,臺北市中正區開封街一段105之2號
102,中正,愛國里,中華路2段75巷11號,301129.234,2769617.603,121.5066654,25.0338056,臺北市中正區中華路二段75巷11號
103,中正,螢圃里,重慶南路3段83巷3號,302156.26,2768680.536,121.516807,25.0253107,臺北市中正區重慶南路三段83巷3號
104,中正,頂東里,金門街7-9號,302917.969,2768387.245,121.5243431,25.0226365,臺北市中正區金門街7之9號
105,大同,建功里,重慶北路一段83巷37號1樓,302008.853,2771740.444,121.5154618,25.0529405,臺北市大同區重慶北路一段83巷37號
106,大同,建泰里,承德路1段79巷7號,302252.697,2771676.062,121.5178761,25.0523509,臺北市大同區承德路一段79巷7號
107,大同,大有里,民樂街115號,301522.67,2772242.174,121.5106622,25.0574868,臺北市大同區民樂街115號
108,大同,雙連里,歸綏街126號1樓,301939.591,2772333.007,121.5147978,25.0582926,臺北市大同區歸綏街126號
109,大同,南芳里,迪化街1段312巷7號1樓,301344.37,2772715.661,121.5089127,25.0617675,臺北市大同區迪化街一段312巷7號
110,大同,蓬萊里,大龍街26號1樓,302051.78,2772949.133,121.515933,25.063851,臺北市大同區大龍街26號
111,大同,國順里,迪化街2段163號1樓,301501.735,2773365.884,121.5104967,25.0676323,臺北市大同區迪化街二段163號
112,大同,國慶里,民族西路260號,301664.171,2773466.606,121.5121106,25.0685361,臺北市大同區民族西路260號
113,大同,斯文里,大龍街159巷18弄16號1樓,302113.123,2773350.832,121.5165562,25.0674754,臺北市大同區大龍街159巷18弄16號
114,大同,鄰江里,酒泉街164號1樓,301628.672,2773851.558,121.5117731,25.0720126,臺北市大同區酒泉街164號
115,大同,老師里,哈密街158號,301762.8,2773940.483,121.513106,25.0728108,臺北市大同區哈密街158號
116,大同,揚雅里,重慶北路三段113巷30弄1號1樓,301956.63,2773312.584,121.5150036,25.0671355,臺北市大同區重慶北路三段113巷30弄1號
117,大同,延平里,甘州街12號,301737.54,2772356.562,121.5127961,25.0585121,臺北市大同區甘州街12號
118,大同,永樂里,南京西路239巷31號1樓,301378.594,2771830.498,121.5092189,25.0537751,臺北市大同區南京西路239巷31號
119,大同,星明里,太原路161巷4號,302223.286,2772004.466,121.517597,25.0553167,臺北市大同區太原路161巷4號
120,大同,至聖里,民族西路169巷38號,301992.825,2773609.137,121.5153736,25.0698115,臺北市大同區民族西路169巷38號
121,大同,民權里,寧夏路131號,301908.926,2772592.631,121.5145036,25.0606375,臺北市大同區寧夏路131號
122,大同,隆和里,景化街46號1樓,301713.746,2773087.266,121.5125877,25.0651097,臺北市大同區景化街46號
123,大同,玉泉里,西寧北路11號,301322.376,2771660.3,121.5086554,25.0522405,臺北市大同區西寧北路11號
124,大同,朝陽里,重慶北路2段46巷6號,301838.454,2771999.323,121.5137828,25.0552835,臺北市大同區重慶北路二段46巷6號
125,大同,景星里,伊寧街75巷4號,301482.787,2773068.055,121.5102978,25.0649442,臺北市大同區伊寧街75巷4號
126,萬華,西門里,內江街55巷9號,300985.974,2770541.694,121.50528,25.0421531,臺北市萬華區內江街55巷9號
127,萬華,新起里,貴陽街二段87號1樓,300837.1729,2770289.267,121.5037961,25.0398792,臺北市萬華區貴陽街二段87號
128,萬華,菜園里,內江街150號,300603.598,2770487.838,121.5014887,25.0416797,臺北市萬華區內江街150號
129,萬華,青山里,華西街21巷9號,300359.433,2770158.168,121.4990571,25.0387116,臺北市萬華區華西街21巷9號
130,萬華,富民里,康定路160號1樓,300634.5503,2770251.917,121.5017868,25.0395488,臺北市萬華區康定路160號
131,萬華,福音里,永福街77號1樓,300735.613,2770178.514,121.5027856,25.0388827,臺北市萬華區永福街77號
132,萬華,仁德里,西寧南路192之2號1樓,301075.6547,2770200.713,121.5061561,25.0390717,臺北市萬華區西寧南路192之2號
133,萬華,柳鄉里,環河南路2段130巷12號,299875.148,2769951.653,121.4942505,25.0368632,臺北市萬華區環河南路二段130巷12號
134,萬華,雙園里,萬大路96號1樓,300497.2501,2769219.785,121.5003884,25.0302353,臺北市萬華區萬大路96號
135,萬華,糖廍里,大理街106號1樓,300242.075,2769660.376,121.4978759,25.0342215,臺北市萬華區大理街106號
136,萬華,和平里,艋舺大道362號,300001.06,2769427.939,121.4954792,25.032131,臺北市萬華區艋舺大道362號
137,萬華,綠堤里,雙園街122巷14號,299665.31,2769297.262,121.4921476,25.0309623,臺北市萬華區雙園街122巷14號
138,萬華,忠德里,東園街66巷24弄1號,300019.794,2768643.29,121.4956364,25.0250466,臺北市萬華區東園街66巷24弄1號
139,萬華,孝德里,德昌街261巷16號1樓,299680.947,2768355.414,121.4922686,25.0224588,臺北市萬華區德昌街261巷16號
140,萬華,和德里,西園路二段372巷10號,299565.196,2768671.838,121.491133,25.0253192,臺北市萬華區西園路二段372巷10號
141,萬華,錦德里,寶興街80巷18號,299842.917,2768718.523,121.4938865,25.0257316,臺北市萬華區寶興街80巷18號
142,萬華,全德里,德昌街21號,300395.433,2768660.376,121.4993591,25.0251884,臺北市萬華區德昌街21號
143,萬華,保德里,東園街140巷10號1樓,300165.3113,2768454.197,121.4970714,25.0233346,臺北市萬華區東園街140巷10號
144,萬華,銘德里,長泰街219號1樓,299971.448,2768261.05,121.4951435,25.0215973,臺北市萬華區長泰街219號
145,萬華,榮德里,武成街80巷61號,299968.389,2768145.631,121.495109,25.0205554,臺北市萬華區武成街80巷61號
146,萬華,壽德里,長泰街45號1樓,300493.819,2768434.015,121.5003256,25.0231415,臺北市萬華區長泰街45號
147,萬華,興德里,萬大路449巷28弄7號,300386.463,2768087.351,121.4992493,25.0200154,臺北市萬華區萬大路449巷28弄7號
148,萬華,華中里,萬大路534巷42號1樓,300012.766,2768007.372,121.4955437,25.0193057,臺北市萬華區萬大路534巷42號
149,萬華,新忠里,西藏路125巷7號1樓,300753.0651,2768897.759,121.5029114,25.0273195,臺北市萬華區西藏路125巷7號
150,萬華,新和里,中華路2段416巷13之1號,300883.271,2768863.641,121.5042003,25.0270071,臺北市萬華區中華路二段416巷13之1號
151,萬華,新安里,萬大路187巷1弄9號,300549.369,2768999.61,121.5008968,25.0282458,臺北市萬華區萬大路187巷1弄9號
152,萬華,忠貞里,萬青街115號,300632.853,2768523.77,121.5017065,25.0239472,臺北市萬華區萬青街115號
153,萬華,凌霄里,中華路2段504巷20號1樓,301249.3375,2768676.926,121.5078206,25.0253091,臺北市萬華區中華路二段504巷20號
154,萬華,騰雲里,國興路1巷2-4號,301349.463,2768558.029,121.5088083,25.0242323,臺北市萬華區國興路1巷2之4號
155,文山,景東里,景興路153巷1號1樓,305015.496,2765212.032,121.5449994,24.993896,臺北市文山區景興路153巷1號
156,文山,景慶里,景福街281號,304571.148,2765164.495,121.5405959,24.9934829,臺北市文山區景福街281號
157,文山,景仁里,景福街21巷3弄11號1樓,304429.408,2765780.879,121.5392161,24.9990527,臺北市文山區景福街21巷3弄11號
158,文山,景華里,景華街22巷16號1樓,304744.6637,2765270.195,121.5423189,24.9944309,臺北市文山區景華街22巷16號
159,文山,萬有里,興隆路1段238之1號,304915.486,2765792.137,121.5440318,24.9991368,臺北市文山區興隆路一段238之1號
160,文山,萬隆里,萬隆街25號1樓,304309.415,2765913.322,121.5380326,25.0002527,臺北市文山區萬隆街25號
161,文山,萬年里,羅斯福路5段150巷35號1樓,304314.3267,2766593.007,121.538108,25.0063887,臺北市文山區羅斯福路五段150巷35號
162,文山,興光里,興隆路3段181巷1弄7號1樓,306561.0105,2765524.989,121.560322,24.9966645,臺北市文山區興隆路三段181巷1弄7號
163,文山,興家里,興隆路3段223之2號1樓,306481.129,2765222.054,121.5595183,24.9939326,臺北市文山區興隆路三段223之2號
164,文山,興旺里,福興路27號1樓,305623.0467,2766203.037,121.5510577,25.0028206,臺北市文山區福興路27號
165,文山,興泰里,辛亥路4段252巷5號1樓,305904.2831,2766094.147,121.5538394,25.0018272,臺北市文山區辛亥路四段252巷5號
166,文山,試院里,和興路5號1樓,305137.9118,2764382.66,121.546179,24.986404,臺北市文山區和興路5號
167,文山,華興里,木柵路1段264號1樓,305978.793,2764562.34,121.5545155,24.9879954,臺北市文山區木柵路一段264號
168,文山,明義里,木柵路2段7巷7號1樓,306439.4219,2764669.798,121.5590826,24.9889484,臺北市文山區木柵路二段7巷7號
169,文山,明興里,木柵路2段109巷25弄6號1樓,306819.3,2764803.913,121.562851,24.990145,臺北市文山區木柵路二段109巷25弄6號
170,文山,木新里,永安街22巷18號1樓,307503.2483,2764445.335,121.569611,24.986882,臺北市文山區永安街22巷18號
171,文山,樟林里,興隆路4段66巷32號1樓,306544.9008,2764202.298,121.5601083,24.9847239,臺北市文山區興隆路四段66巷32號
172,文山,博嘉里,木柵路4段157-1號1樓,308086.0701,2765874.157,121.5754441,24.9997591,臺北市文山區木柵路四段157之1號
173,文山,萬興里,秀明路2段112巷14號1樓,308138.6798,2764841.032,121.5759218,24.9904301,臺北市文山區秀明路二段112巷14號
174,文山,指南里,指南路3段38巷3號1樓,308911.514,2763386.435,121.5835152,24.9772683,臺北市文山區指南路三段38巷3號
175,文山,忠順里,興隆路4段145巷30號1樓,306832.3716,2764244.926,121.5629575,24.985098,臺北市文山區興隆路四段145巷30號
176,文山,萬美里,萬美街2段2巷6號1樓,306750.194,2766239.286,121.5622254,25.0031061,臺北市文山區萬美街二段2巷6號
177,文山,政大里,萬壽路63之2號1樓,309308.952,2764382.764,121.5874944,24.9862476,臺北市文山區萬壽路63之2號
178,文山,樟文里,木新路3段278巷7弄6號1樓,306288.9342,2763873.041,121.5575595,24.9817609,臺北市文山區木新路三段278巷7弄6號
179,文山,興邦里,興隆路2段203巷2弄10號1樓,305505.396,2766038.369,121.5498856,25.0013383,臺北市文山區興隆路二段203巷2弄10號
180,文山,樟樹里,興隆路4段74巷22號1樓,306606.8584,2764116.798,121.5607185,24.9839497,臺北市文山區興隆路四段74巷22號
181,南港,萬福里,忠孝東路6段70巷21弄8號1樓,309003.337,2771005.252,121.5847503,25.0460466,臺北市南港區忠孝東路六段70巷21弄8號
182,南港,東明里,南港路2段128號,310708.361,2771846.418,121.6016842,25.053573,臺北市南港區南港路二段128號
183,南港,百福里,福德街337號,309381.111,2770274.544,121.5884626,25.0394351,臺北市南港區福德街337號
184,南港,成福里,東新街80巷9弄11號1樓,309305.32,2770997.723,121.5877426,25.0459668,臺北市南港區東新街80巷9弄11號
185,南港,新富里,富康街25號1樓,312288.691,2771867.93,121.6173472,25.053703,臺北市南港區富康街25號
186,南港,中南里,忠孝東路7段585號1樓,311996.503,2771806.041,121.6144487,25.0531562,臺北市南港區忠孝東路七段585號
187,南港,三重里,重陽路504巷1弄9號1樓,311799.24,2772652.39,121.6125317,25.060805,臺北市南港區重陽路504巷1弄9號
188,南港,新光里,昆陽街140巷42弄4號1樓,309781.325,2771371.075,121.5924761,25.0493186,臺北市南港區昆陽街140巷42弄4號
189,南港,玉成里,南港路三段314巷5號,308649.058,2771659.702,121.5812672,25.0519687,臺北市南港區南港路三段314巷5號
190,南港,合成里,忠孝東路六段225巷1弄3號1樓,309375.098,2771425.455,121.5884526,25.0498256,臺北市南港區忠孝東路六段225巷1弄3號
191,南港,聯成里,東新街77巷25號,309364.681,2771180.42,121.5883388,25.0476139,臺北市南港區東新街77巷25號
192,南港,重陽,重陽路199巷24之2號1樓,310427.537,2772278.85,121.59892,25.0574882,臺北市南港區重陽路199巷24之2號
193,南港,中研里,研究院路2段2巷2號1樓,312100.32,2771235.455,121.6154518,25.0480009,臺北市南港區研究院路二段2巷2號
194,南港,鴻福里,成福路84號,309185.052,2770753.912,121.5865403,25.0437704,臺北市南港區成福路84號
195,南港,東新里,興南街43號,310666.714,2772136.988,121.6012843,25.0561979,臺北市南港區興南街43號
196,內湖,西康里,內湖路1段61巷2號1樓,306524.487,2775326.508,121.5603621,25.085153,臺北市內湖區內湖路一段61巷2號
197,內湖,西安里,內湖路1段91巷110號1樓,306775.159,2775624.252,121.5628594,25.0878316,臺北市內湖區內湖路一段91巷110號
198,內湖,港富里,麗山街47號1樓,308563.582,2774858.821,121.5805562,25.0808531,臺北市內湖區麗山街47號
199,內湖,港華里,港華街51巷3弄1號1樓,308081.185,2775142.926,121.5757863,25.0834366,臺北市內湖區港華街51巷3弄1號
200,內湖,紫星里,成功路3段187巷3弄4號,309623.523,2774764.623,121.5910592,25.0799612,臺北市內湖區成功路三段187巷3弄4號
201,內湖,金龍里,金龍路47巷20之1號1樓,309907.306,2775412.593,121.5939005,25.0857997,臺北市內湖區金龍路47巷20之1號
202,內湖,金瑞里,金龍路218號1樓,309202.762,2775660.425,121.5869268,25.0880649,臺北市內湖區金龍路218號
203,內湖,紫雲里,康寧路1段228號1樓,310128.066,2774577.431,121.5960524,25.0782513,臺北市內湖區康寧路一段228號
204,內湖,葫洲里,民權東路6段280巷60號1樓,311318.333,2773721.431,121.6078129,25.0704757,臺北市內湖區民權東路六段280巷60號
205,內湖,紫陽里,文德路210巷30弄27號1樓,308984.703,2774444.324,121.584713,25.0770947,臺北市內湖區文德路210巷30弄27號
206,內湖,瑞陽里,文德路66巷69弄9號1樓,308750.38,2774372.015,121.5823871,25.076451,臺北市內湖區文德路66巷69弄9號
207,內湖,瑞光里,陽光街291號1樓,308493.975,2774087.764,121.5798334,25.0738948,臺北市內湖區陽光街291號
208,內湖,五分里,安康路388號1樓,311868.909,2773224.513,121.6132479,25.0659671,臺北市內湖區安康路388號
209,內湖,東湖里,康樂街72巷17弄63號1樓,312215.134,2773772.822,121.6167043,25.0709029,臺北市內湖區康樂街72巷17弄63號
210,內湖,內溝里,康樂街201巷8號1樓,312717.454,2774305.307,121.6217076,25.0756893,臺北市內湖區康樂街201巷8號
211,內湖,週美里,南京東路6段330巷18弄12號1樓,308932.266,2772289.817,121.5841009,25.0576462,臺北市內湖區南京東路六段330巷18弄12號
212,內湖,湖興里,成功路2段320巷25號1樓,309484.929,2773401.134,121.5896264,25.0676574,臺北市內湖區成功路二段320巷25號
213,內湖,湖元里,民權東路6段136巷48號1樓,309283.796,2773280.047,121.5876276,25.0665721,臺北市內湖區民權東路六段136巷48號
214,內湖,安湖里,東湖路113巷95弄166號1樓,311994.51,2773624.963,121.6145108,25.0695772,臺北市內湖區東湖路113巷95弄166號
215,內湖,秀湖里,成功路4段323巷16號1樓,310478.994,2775248.329,121.5995605,25.084294,臺北市內湖區成功路四段323巷16號
216,內湖,安泰里,安泰街49巷1號1樓,312300.801,2774126.132,121.6175694,25.074089,臺北市內湖區安泰街49巷1號
217,內湖,金湖里,成功路5段71號1樓,311120.744,2774113.295,121.6058718,25.0740213,臺北市內湖區成功路五段71號
218,內湖,康寧里,康寧路3段99巷39弄70號1樓,311600.867,2774147.013,121.6106324,25.0743062,臺北市內湖區康寧路三段99巷39弄70號
219,內湖,明湖里,康寧路3段99巷25號1樓,311555.452,2773918.827,121.6101721,25.0722481,臺北市內湖區康寧路三段99巷25號
220,內湖,蘆洲里,安康路95號1樓,310271.467,2772814.014,121.5973967,25.0623258,臺北市內湖區安康路95號
221,內湖,麗山里,內湖路1段411巷78號1樓,307689.31,2775219.463,121.5719048,25.0841426,臺北市內湖區內湖路一段411巷78號
222,內湖,寶湖里,民權東路6段208號,310198.213,2773402.14,121.5966963,25.0676382,臺北市內湖區民權東路六段208號
223,內湖,南湖里,康寧路3段56巷130號1樓,311444.902,2773479.293,121.6090567,25.0682845,臺北市內湖區康寧路三段56巷130號
224,內湖,港都里,內湖路1段629巷39號1樓,308000.317,2774921.584,121.5749753,25.0814414,臺北市內湖區內湖路一段629巷39號
225,士林,福德里,福德路81巷14號1樓,302587.679,2776082.872,121.5213644,25.0921236,臺北市士林區福德路81巷14號
226,士林,前港里,大南路251巷18號1樓,302460.844,2775611.87,121.520089,25.0878759,臺北市士林區大南路251巷18號
227,士林,百齡里,福港街259巷13弄10號1樓,302301.023,2775227.536,121.51849,25.0844117,臺北市士林區福港街259巷13弄10號
228,士林,承德里,承德路4段58巷56弄1號,302537.502,2775043.346,121.5208272,25.0827406,臺北市士林區承德路四段58巷56弄1號
229,士林,福順里,延平北路5段136巷24號1樓,301594.183,2774978.539,121.5114735,25.0821881,臺北市士林區延平北路五段136巷24號
230,士林,葫蘆里,葫蘆街137號1樓,301303.958,2775156.154,121.5086032,25.0838015,臺北市士林區葫蘆街137號
231,士林,葫東里,重慶北路4段215號1樓,301556.514,2775293.631,121.5111119,25.085034,臺北市士林區重慶北路四段215號
232,士林,社子里,社中街70號1樓,301514.7,2775665.495,121.5107114,25.0883926,臺北市士林區社中街70號
233,士林,社新里,社子街78號1樓,301092.609,2775548.359,121.5065226,25.0873494,臺北市士林區社子街78號
234,士林,富洲里,延平北路8段109號,298746.143,2777589.017,121.4833332,25.1058499,臺北市士林區延平北路八段109號
235,士林,岩山里,芝玉路1段197巷1號1樓,303794.619,2777796.398,121.5333969,25.1075506,臺北市士林區芝玉路一段197巷1號
236,士林,東山里,士東路320巷2號1樓,304318.789,2778458.02,121.5386203,25.1135048,臺北市士林區士東路320巷2號
237,士林,蘭雅里,中山北路6段290巷7弄25號1樓,303166.701,2778112.14,121.5271833,25.1104233,臺北市士林區中山北路六段290巷7弄25號
238,士林,天祿里,中山北路6段450巷10號1樓,303239.282,2778481.178,121.5279172,25.1137524,臺北市士林區中山北路六段450巷10號
239,士林,天壽里,中山北路6段405巷50號1樓,303116.884,2778641.551,121.5267098,25.1152045,臺北市士林區中山北路六段405巷50號
240,士林,天母里,中山北路7段191巷23號1樓,303552.656,2779780.732,121.5310752,25.1254735,臺北市士林區中山北路七段191巷23號
241,北投,文林里,致遠一路一段9號1樓,302180.13,2777800.885,121.5173892,25.1076478,臺北市北投區致遠一路一段9號
242,北投,福興里,自強街21號,301706.387,2778087.972,121.5127028,25.1102559,臺北市北投區自強街21號
243,北投,榮光里,石牌路一段166巷43弄15號1樓,301937.531,2778507.13,121.5150106,25.1140321,臺北市北投區石牌路一段166巷43弄15號
244,北投,榮華里,明德路136巷16號,302563.183,2778038.695,121.5211964,25.1097814,臺北市北投區明德路136巷16號
245,北投,裕民里,懷德街14巷17號,302466.148,2778230.309,121.5202416,25.1115147,臺北市北投區懷德街14巷17號
246,北投,永欣里,石牌路二段334-1號,302893.85,2779459.612,121.5245298,25.1225977,臺北市北投區石牌路二段334之1號
247,北投,吉利里,石牌路一段39巷120弄7號,301455.817,2778814.031,121.5102456,25.1168192,臺北市北投區石牌路一段39巷120弄7號
248,北投,立賢里,尊賢街251巷18號1樓,300995.704,2778910.183,121.5056867,25.1177029,臺北市北投區尊賢街251巷18號
249,北投,立農里,吉利街123巷30號,301043.19,2779082.135,121.506164,25.1192537,臺北市北投區吉利街123巷30號
250,北投,清江里,清江路201號,300611.039,2779997.039,121.5019125,25.1275279,臺北市北投區清江路201號
251,北投,中央里,北投路1段93巷3號,300388.114,2780224.495,121.4997101,25.1295888,臺北市北投區北投路一段93巷3號
252,北投,溫泉里,溫泉路68巷6弄15-2號,300985.725,2780693.311,121.505654,25.1338011,臺北市北投區溫泉路68巷6弄15之2號
253,北投,長安里,大同街140號,300316.142,2780880.13,121.4990204,25.1355102,臺北市北投區大同街140號
254,北投,中心里,珠海路15號,300610.877,2781145.255,121.5019532,25.1378939,臺北市北投區珠海路15號
255,北投,中庸里,永興路一段12號1樓,300373.409,2781243.341,121.4996017,25.1387873,臺北市北投區永興路一段12號
256,北投,開明里,永興路二段8號,300559.791,2781362.836,121.5014546,25.1398599,臺北市北投區永興路二段8號
257,北投,中和里,中和街422號,300200.038,2781830.253,121.4979038,25.1440917,臺北市北投區中和街422號
258,北投,智仁里,杏林二路74巷3號,299999.404,2781699.704,121.4959091,25.1429198,臺北市北投區杏林二路74巷3號
259,北投,豐年里,中央北路二段95巷1弄1號1樓,299929.469,2780995.174,121.4951898,25.1365617,臺北市北投區中央北路二段95巷1弄1號
260,北投,桃源里,中央北路三段40巷7號,298938.186,2781212.726,121.4853665,25.1385582,臺北市北投區中央北路三段40巷7號
261,北投,永和里,行義路63號,303237.208,2779861.527,121.5279502,25.126214,臺北市北投區行義路63號
262,北投,振華里,裕民一路40巷37號,302228.298,2778639.075,121.5178987,25.1152132,臺北市北投區裕民一路40巷37號
263,北投,石牌里,建民路116巷13號1樓,302228.587,2778044.739,121.517879,25.1098476,臺北市北投區建民路116巷13號
264,北投,尊賢里,尊賢街302巷19號1樓,301198.92,2778961.574,121.5077037,25.11816,臺北市北投區尊賢街302巷19號
265,北投,建民里,文林北路36號,302325.377,2777476.573,121.518817,25.1047149,臺北市北投區文林北路36號
266,北投,大同里,大同街135號,300273.605,2780823.625,121.4985965,25.1350015,臺北市北投區大同街135號
267,北投,關渡里,知行路316巷20弄15號,297233.276,2779363.476,121.4683941,25.1219178,臺北市北投區知行路316巷20弄15號
268,北投,永明里,義理街65號,302006.078,2778879.888,121.5157044,25.1173949,臺北市北投區義理街65號
269,北投,奇岩里,公館路249之1號1樓,301258.3775,2779811.001,121.508325,25.1258265,臺北市北投區公館路249之1號
270,北投,秀山里,中和街502巷2弄11號1樓,299896.349,2781993.956,121.4948977,25.1455797,臺北市北投區中和街502巷2弄11號
