收容所編號,名稱(學校機關全銜),縣市,鄉鎮,村里,門牌地址,類型,水災,震災,土石流,海嘯,救濟站,無障礙設施,室內,室外,服務里別,容納人數,最大容納人數,收容所面積(平方公尺),聯絡人姓名,聯絡人連絡電話,管理人姓名,管理人連絡電話,備考,完整地址,定位用地址,經度,緯度
SA100-0002,臺北市立螢橋國民中學,臺北市,中正區,林興里,汀州路三段四號,學校,否,備用,否,否,是,是,是,否,板溪里、網溪里、螢圃里、林興里、河堤里、頂東里、文盛里、富水里、水源里,31,267,126,黃君宜,02-23688667#500,陳錦謀,02-23688667#100,,臺北市中正區汀州路三段四號,臺北市中正區汀州路三段4號,,
SA100-0003,臺北市立大學附設實驗國民小學,臺北市,中正區,黎明里,公園路29號,學校,是,是,否,否,是,是,是,否,黎明里、建國里、新營里、龍福里,157,973,1062,羅傑,02-23110395#840,吳家瑞,02-23110395#800,,臺北市中正區公園路29號,臺北市中正區公園路29號,,
SA100-0004,臺北市立弘道國民中學,臺北市,中正區,建國里,公園路21號,學校,是,是,否,否,是,是,是,否,光復里、建國里、黎明里、東門里、龍福里、幸福里、文北里,130,733,520,倪偵耀,02-23715520#500,唐廷俊,02-23715520#100,,臺北市中正區公園路21號,臺北市中正區公園路21號,,
SA100-0005,二二八和平公園,臺北市,中正區,黎明里,凱達格蘭大道3號,公園/綠地,是,是,否,否,否,是,否,是,全區,5424,5424,21696,趙子瑩,02-23032451,陳煌耀,02-23032451,,臺北市中正區凱達格蘭大道3號,臺北市中正區凱達格蘭大道3號,,
SA100-0006,臺北市中正運動中心,臺北市,中正區,東門里,信義路一段1號,體育場館/運動中心,是,備用,否,否,是,否,是,否,東門里、文祥里、三愛里、文北里,250,483,2457.96,陳泓維,02-2396-1000#106,陳凱頻,02-25702330#6425,,臺北市中正區信義路一段1號,臺北市中正區信義路一段1號,,
SA100-0007,臺北市立中正國民中學,臺北市,中正區,新營里,愛國東路158號,學校,是,備用,否,否,是,是,是,否,新營里、文祥里、文北里、南福里,300,1605,1800,唐嘉鳳,02-23916697#501,林泰安,02-23916697#101,,臺北市中正區愛國東路158號,臺北市中正區愛國東路158號,,
SA100-0008,臺北市立第一女子高級中學,臺北市,中正區,建國里,重慶南路一段165號,學校,是,備用,否,否,是,是,是,否,光復里、黎明里、建國里,60,1452,500,蔡銘家,02-23820484#600,陳智源,02-23820484#200,,臺北市中正區重慶南路一段165號,臺北市中正區重慶南路一段165號,,
SA100-0009,臺北市立古亭國民中學,臺北市,中正區,永功里,中華路二段465號,學校,是,備用,否,否,是,是,是,否,永昌里、螢雪里、永功里、忠勤里、龍興里,60,385,1200,顏錦江,02-23090986#510,莊豐兆,02-23090986#101,,臺北市中正區中華路二段465號,臺北市中正區中華路二段465號,,
SA100-0010,臺北市立成功高級中學,臺北市,中正區,幸福里,濟南路一段71號,學校,是,備用,否,否,是,是,是,否,幸福里、文北里,31,2514,300,連育賢,23216256#231,劉晶晶,23216256#201,,臺北市中正區濟南路一段71號,臺北市中正區濟南路一段71號,,
SA100-0011,臺北市中正區忠孝國民小學,臺北市,中正區,梅花里,忠孝東路二段101號,學校,否,備用,否,否,是,是,是,否,幸福里、幸市里、梅花里,30,313,54,宋志倫,02-23918170#831,李亦欣,02-23918170#800,,臺北市中正區忠孝東路二段101號,臺北市中正區忠孝東路二段101號,,
SA100-0012,臺北市中正區東門國民小學,臺北市,中正區,東門里,仁愛路一段2-4號,學校,是,備用,否,否,是,是,是,否,東門里、文北里、文祥里、梅花里、新營里、幸福里、南福里、三愛里,100,1557,400,蔡明佑,02-23412822#23,簡邑容,02-23412822#11,,臺北市中正區仁愛路一段2-4號,臺北市中正區仁愛路一段2之4號,,
SA100-0013,臺北市中正區河堤國民小學,臺北市,中正區,河堤里,汀州路二段180號,學校,是,備用,否,否,是,是,是,否,河堤里、頂東里、板溪里、網溪里、螢圃里,54,360,216,陳昱至,02-23677144#831,楊淑惠,02-23677144#888,,臺北市中正區汀州路二段180號,臺北市中正區汀州路二段180號,,
SA100-0014,臺北市中正區南門國民小學,臺北市,中正區,南門里,廣州街6號,學校,是,備用,否,否,是,是,是,否,愛國里、南門里、廈安里,30,440,100,王維正,02-23715052#401,李嗣蕙,02-23753225,,臺北市中正區廣州街6號,臺北市中正區廣州街6號,,
SA100-0015,臺北市立南門國民中學,臺北市,中正區,南門里,廣州街6號,學校,是,備用,否,否,是,是,是,否,南門里、愛國里、龍光里、龍興里、南福里、永功里、廈安里、龍福里,378,1671,1512,楊鈞媛,02-23142775#361,劉增銘,02-23142775#328,,臺北市中正區廣州街6號,臺北市中正區廣州街6號,,
SA100-0016,臺北市立建國高級中學,臺北市,中正區,龍光里,南海路56號,學校,否,備用,否,否,是,是,是,否,龍光里、龍興里、南福里,300,2804,2609,張佑頴,02-23034381#501,莊智鈞,02-23034381#101,,臺北市中正區南海路56號,臺北市中正區南海路56號,,
SA100-0017,臺北市國語實驗國民小學,臺北市,中正區,龍光里,南海路58號,學校,否,備用,否,否,是,是,是,否,龍光里、龍興里、廈安里、龍福里、永功里,49,460,1442.23,許詩玉,02-23033555#500,吳智亭,02-23033555#100,,臺北市中正區南海路58號,臺北市中正區南海路58號,,
SA100-0018,臺北市中正區螢橋國民小學,臺北市,中正區,螢雪里,詔安街29號,學校,否,備用,否,否,是,是,是,否,螢雪里、永功里、永昌里、南福里、螢圃里,125,491,500,官翰德,02-23054620#109,莊訪祺,02-23054620#100,,臺北市中正區詔安街29號,臺北市中正區詔安街29號,,
SA100-0019,中正紀念堂站,臺北市,中正區,龍福里,羅斯福路1段8之1號B1,捷運站體,是(備用),否,否,否,否,是,是,否,全區,1974,1974,7897,臺北捷運公司值班站長,25505600#4112,臺北捷運公司值班站長,25505600#4112,,臺北市中正區羅斯福路1段8之1號B1,臺北市中正區羅斯福路一段8之1號,,
SA100-0020,古亭站,臺北市,中正區,頂東里,羅斯福路2段164之1號B1,捷運站體,是(備用),否,否,否,否,是,是,否,全區,1828,1828,7315,臺北捷運公司值班站長,25505600#5102,臺北捷運公司值班站長,25505600#5102,,臺北市中正區羅斯福路2段164之1號B1,臺北市中正區羅斯福路二段164之1號,,
SA100-0021,台大醫院站,臺北市,中正區,黎明里,公園路52號B1,捷運站體,是(備用),否,否,否,否,是,是,否,全區,1044,1044,4176,臺北捷運公司值班站長,25505600#4122,臺北捷運公司值班站長,25505600#4122,,臺北市中正區公園路52號B1,臺北市中正區公園路52號,,
SA100-0022,臺北市市場處光華數位新天地商場地下停車場,臺北市,中正區,梅花里,市民大道三段8號,市場/停車場,否,否,否,否,否,是,是,否,全區,375,375,"1,500",市場處市場科蘇育正,02-2550-5220#2148,市場處市場科李尉呈,02-2550-5220#2105,,臺北市中正區市民大道三段8號,臺北市中正區市民大道三段8號,,
SA100-0023,西門站,臺北市,中正區,建國里,寶慶路32之1號B1,捷運站體,是(備用),否,否,否,否,是,是,否,全區,2974,2974,11898,臺北捷運公司值班站長,25505600#6062,臺北捷運公司值班站長,25505600#6062,,臺北市中正區寶慶路32之1號B1,臺北市中正區寶慶路32之1號,,
SA100-0024,臺北市忠義實驗國民小學,臺北市,中正區,忠勤里,中華路二段307巷17號,學校,否,備用,否,否,否,是,是,否,忠勤里,50,50,200,黃顯欽,02-23038752#231,張家瑜,02-23038752#280,,臺北市中正區中華路二段307巷17號,臺北市中正區中華路二段307巷17號,,
SA100-0025,臺北市立圖書館王貫英紀念館,臺北市,中正區,頂東里,汀州路二段265號,圖書館,否,否,否,否,是,是,是,否,頂東里,87,87,1024,分館主任：姜民,02-23678734,分館主任：姜民,02-23678734,,臺北市中正區汀州路二段265號,臺北市中正區汀州路二段265號,,
SA100-0026,臺北市立圖書館城中分館,臺北市,中正區,幸市里,濟南路二段46號3樓,圖書館,是,否,否,否,是,是,是,否,全區,30,30,120,分館主任：陳奕霖,02-23938274,分館主任：陳奕霖,02-23938274,,臺北市中正區濟南路二段46號3樓,臺北市中正區濟南路二段46號,,
SA100-0027,國立臺北商業大學,臺北市,中正區,幸福里,濟南路1段321號,大專校院,是,備用,否,否,否,是,是,否,幸福里、東門里、文北里,343,343,1716,張沛穎,02-23226265,趙于葳,02-23226177,,臺北市中正區濟南路1段321號,臺北市中正區濟南路一段321號,,
SA100-0028,西門地下街,臺北市,中正區,光復里,中華路一段51-1號B1,捷運站體,否,否,否,否,否,是,是,否,全區,770,770,3080,臺北捷運公司值班站長,25505600#6062,臺北捷運公司值班站長,25505600#6062,,臺北市中正區中華路一段51-1號B1,臺北市中正區中華路一段51之1號,,
SA103-0001,臺北市大同區延平國小,臺北市,大同區,國慶里,昌吉街97號,學校,否,備用,否,否,是,是,是,否,國順里、鄰江里、國慶里、隆和里、隆和里,88,1328,352,劉郁芬,02-25942439#630,陳清義,02-25942439#666,,臺北市大同區昌吉街97號,臺北市大同區昌吉街97號,,
SA103-0002,臺北市立重慶國民中學,臺北市,大同區,重慶里,敦煌路19號,學校,是,備用,否,否,是,是,是,否,重慶里、保安里、老師里,50,313,189,黃順盈,02-25948631#240,林淑君,02-25948631#210,,臺北市大同區敦煌路19號,臺北市大同區敦煌路19號,,
SA103-0003,臺北市立忠孝國民中學,臺北市,大同區,玉泉里,西寧北路32號,學校,否,是,否,否,是,是,是,否,延平里、永樂里、玉泉里、朝陽里、大有里,131,527,525,江長山,02-25524890#71,黃微清,02-25524890#11,,臺北市大同區西寧北路32號,臺北市大同區西寧北路32號,,
SA103-0004,臺北市立建成國民中學,臺北市,大同區,建泰里,長安西路37之1號,學校,否,是,否,否,是,是,是,否,建功里、建明里、建泰里、星明里,119,1082,476,鄭惠文,02-25587042#650,潘姿伶,02-25587042#601,,臺北市大同區長安西路37之1號,臺北市大同區長安西路37之1號,,
SA103-0005,玉泉公園,臺北市,大同區,玉泉里,西寜北路28號,公園/綠地,否,是,否,否,否,是,否,是,全區,1993,1993,"7,972",謝榮倫,02-25850192#213,莊勝豪,02-25850192#201,,臺北市大同區西寜北路28號,臺北市大同區西寜北路28號,,
SA103-0006,臺北市大同運動中心,臺北市,大同區,蓬萊里,大龍街51號,體育場館/運動中心,是,備用,否,否,是,是,是,否,蓬萊里、斯文里、揚雅里、隆和里、民權里,300,314,1601.69,陳泓維,02-2592-0055#820,劉伯瑜,02-2570-2330#6458,,臺北市大同區大龍街51號,臺北市大同區大龍街51號,,
SA103-0007,臺北市大同區大同國民小學(暫停用),臺北市,大同區,蓬萊里,大龍街51號,學校,否,備用,否,否,是,是,是,否,蓬萊里、斯文里、揚雅里,40,960,189,黃善美,02-25965407#351,許政智,02-25965407#358,因進行大同國小校舍改建工程，大同國小於115年至120年暫時安置於蘭州國中上課，校舍改建工於暫定120年6月完成。113年4月11日北市教工字第1133052390號函(搬遷會議紀錄)114年7月17日北市教工字第11430808676號函(校舍改建經費期程函),臺北市大同區大龍街51號,臺北市大同區大龍街51號,,
SA103-0008,臺北市大同區大橋國民小學,臺北市,大同區,隆和里,重慶北路三段2號,學校,否,備用,否,否,是,是,是,否,景星里、隆和里,195,2745,782,簡琡真,02-25944413#145,陳曉慧,02-25944413#101,,臺北市大同區重慶北路三段2號,臺北市大同區重慶北路三段2號,,
SA103-0009,臺北市大同區大龍國民小學,臺北市,大同區,保安里,哈密街47號,學校,是,備用,否,否,是,是,是,否,老師里、重慶里、保安里、至聖里,208,749,833,許乃文,02-25942635#838,劉國兆,02-25942635#888,,臺北市大同區哈密街47號,臺北市大同區哈密街47號,,
SA103-0010,臺北市大同區太平國民小學,臺北市,大同區,南芳里,延平北路二段239號,學校,否,備用,否,否,是,是,是,否,延平里、朝陽里、南芳里、永樂里、玉泉里、建功里、建功里,123,1021,728,江信億,02-25532229#830,陳智蕾,02-25532229#801,,臺北市大同區延平北路二段239號,臺北市大同區延平北路二段239號,,
SA103-0011,臺北市大同區日新國民小學,臺北市,大同區,星明里,太原路151號,學校,是,備用,否,否,是,是,是,否,建泰里、建明里、光能里、星明里、建功里,137,1136,4445,王勝威,02-25584819#312,尚漢鼎,02-25584819#120,,臺北市大同區太原路151號,臺北市大同區太原路151號,,
SA103-0012,臺北市立民權國民中學,臺北市,大同區,隆和里,重慶北路三段1號,學校,否,備用,否,否,是,是,是,否,景星里、蓬萊里、隆和里、南芳里、大有里、民權里、國順里,30,424,288,蔡孟谷,02-25931951#130,徐雅鐘,02-25931951#168,,臺北市大同區重慶北路三段1號,臺北市大同區重慶北路三段1號,,
SA103-0013,臺北市大同區永樂國民小學,臺北市,大同區,南芳里,延平北路二段266號,學校,否,備用,否,否,是,是,是,否,大有里、永樂里、南芳里、玉泉里,132,569,530,許芳瑜,02-25534882#402,林献原,02-25534882#401,,臺北市大同區延平北路二段266號,臺北市大同區延平北路二段266號,,
SA103-0014,臺北市立成淵高級中學,臺北市,大同區,民權里,承德路二段235號,學校,否,備用,否,否,是,是,是,否,光能里、雙連里、星明里、民權里,486,3335,1946.45,黃鼎元,02-25531969#150,劉葳蕤,02-25531969#100,,臺北市大同區承德路二段235號,臺北市大同區承德路二段235號,,
SA103-0015,臺北市大同區明倫高級中學,臺北市,大同區,重慶里,承德路三段336號,學校,是,備用,否,否,是,是,是,否,重慶里、老師里,70,1145,910,林銘宗,02-25961567#151,洪金英,02-25961567#101,,臺北市大同區承德路三段336號,臺北市大同區承德路三段336號,,
SA103-0016,臺北市大同區蓬萊國民小學,臺北市,大同區,星明里,寧夏路35號,學校,否,備用,否,否,是,是,是,否,光能里、建功里、雙連里、星明里、朝陽里,104,2189,1041.12,陳藝文,02-25569835#500,汪明芳,02-25569835#660,,臺北市大同區寧夏路35號,臺北市大同區寧夏路35號,,
SA103-0017,臺北市大同區雙蓮國民小學,臺北市,大同區,民權里,錦西街51號,學校,否,備用,否,否,是,是,是,否,雙連里、民權里,283,1325,1133,吳希哲,02-25570309#1031,張素花,02-25570309#1001,,臺北市大同區錦西街51號,臺北市大同區錦西街51號,,
SA103-0018,臺北市立蘭州國民中學,臺北市,大同區,至聖里,大龍街187巷1號,學校,否,備用,否,否,是,否,是,否,至聖里、國慶里、國順里、斯文里、揚雅里、鄰江里、老師里、保安里,34,260,12000,簡聰敏,02-25918269#500,黃偉鵑,02-25918269#168,,臺北市大同區大龍街187巷1號,臺北市大同區大龍街187巷1號,,
SA103-0019,大同251號綠地,臺北市,大同區,老師里,環河北路與敦煌路口三角綠地,公園/綠地,否,是,否,否,否,否,否,是,重慶、保安、至聖、鄰江、斯文、揚雅、國慶、國順、老師、蓬萊、隆和、景星里,152,152,608,林函誼,02-23329386,林函誼,02-23329386,,臺北市大同區環河北路與敦煌路口三角綠地,臺北市大同區大同251號綠地,,
SA103-0020,建成公園,臺北市,大同區,光能里,承德路二段35號旁,公園/綠地,是,是,否,否,否,是,否,是,南芳、民權、雙連、光能、星明、建明、建功、建泰、延平、朝陽、大有、永樂、玉泉里,923,923,"10,640",謝榮倫,02-25850192#213,莊勝豪,02-25850192#201,,臺北市大同區承德路二段35號旁,臺北市大同區承德路二段35號,,
SA103-0021,臺北市市場處大龍市場地下停車場,臺北市,大同區,重慶里,重慶北路三段347號,市場/停車場,是(備用),否,否,否,否,是,是,否,全區,258,258,"1,035",市場處市場科林意潔,02-2550-5220#2146,市場處市場科李尉呈,02-2550-5220#2105,,臺北市大同區重慶北路三段347號,臺北市大同區重慶北路三段347號,,
SA103-0022,國慶區活動中心,臺北市,大同區,國慶里,重慶北路3段76號4樓,活動中心,是,否,否,否,是,是,是,否,國慶里,58,139,423,魏嘉辰,02-25975323#604,魏嘉辰,02-25975323#604,,臺北市大同區重慶北路3段76號4樓,臺北市大同區重慶北路三段76號,,
SA103-0023,臺北市立圖書館大同分館,臺北市,大同區,老師里,重慶北路三段318號,圖書館,是,否,否,否,是,是,是,否,全區,138,138,552,分館主任：莊正德,02-25943236,分館主任：莊正德,02-25943236,,臺北市大同區重慶北路三段318號,臺北市大同區重慶北路三段318號,,
SA103-0024,臺北市立圖書館延平分館,臺北市,大同區,延平里,保安街47號,圖書館,是,否,否,否,是,是,是,否,全區,32,73,200,分館主任：蔡孟峰,02-25528534,分館主任：蔡孟峰,02-25528534,,臺北市大同區保安街47號,臺北市大同區保安街47號,,
SA103-0025,臺北市立圖書館建成分館,臺北市,大同區,星明里,民生西路198-20號4樓,圖書館,是,否,否,否,是,是,是,否,全區,38,38,630,分館主任：郭斌達,02-25582320,分館主任：郭斌達,02-25582320,建築物無電梯。,臺北市大同區民生西路198-20號4樓,臺北市大同區民生西路198之20號,,
SA103-0026,臺北轉運站,臺北市,大同區,建明里,市民大道1段209號,捷運站體,是(備用),否,否,否,否,是,是,否,全區,1125,1125,4500,王旻敬,02-77335888#3269,張俊祥,02-77335888#3234,,臺北市大同區市民大道1段209號,臺北市大同區市民大道一段209號,,
SA103-0027,中山地下街,臺北市,大同區,民安里,長安西路52-1號B1,捷運站體,是(備用),否,否,否,否,是,是,否,全區,2887,2887,11550,臺北捷運公司領班,2550-5600#3223,臺北捷運公司領班,2550-5600#3223,,臺北市大同區長安西路52-1號B1,臺北市大同區長安西路52之1號,,
SA104-0001,臺北市立新興國民中學,臺北市,中山區,聚葉里,林森北路511號,學校,是,是,老舊聚落,否,是,是,是,否,集英里、恆安里、新生里、新庄里、新福里、聚盛里、聚葉里、中庄里、康樂里、中山里、中原里、新喜里、晴光里、劍潭里,100,477,624,張庭芳,02-25714211#501,詹琦斌,02-25714211#101,,臺北市中山區林森北路511號,臺北市中山區林森北路511號,,
SA104-0002,臺北市立五常國民中學,臺北市,中山區,下埤里,復興北路430巷1號,學校,是,是,否,否,是,是,是,否,下埤里、行政里、行孝里、行仁里,247,697,1023,楊豪禮,02-25014320#506,林竺諼,02-25014320#100,,臺北市中山區復興北路430巷1號,臺北市中山區復興北路430巷1號,,
SA104-0003,臺北市中山區中山國民小學,臺北市,中山區,恆安里,民權東路一段69號,學校,是,備用,老舊聚落,否,是,是,是,否,聚葉里、聚盛里、恆安里、晴光里、新庄里、新生里、新喜里、圓山里、新福里、劍潭里,216,1775,864,謝慶順,02-25914085#8031,翁明達,02-25914085#8010,,臺北市中山區民權東路一段69號,臺北市中山區民權東路一段69號,,
SA104-0004,榮星花園公園,臺北市,中山區,行仁里,民權東路三段1號,公園/綠地,是,是,否,否,否,是,否,是,全區,3464,3464,"65,192",謝榮倫,02-25850192#222,莊勝豪,02-25850192#201,,臺北市中山區民權東路三段1號,臺北市中山區民權東路三段1號,,
SA104-0005,臺北市中山區行政中心大禮堂,臺北市,中山區,行政里,松江路367號10樓,活動中心,是,備用,否,否,否,是,是,否,大佳里、行政里、行仁里、行孝里,84,84,824,李家儀,02-25031369#618,李家儀,02-25031369#618,,臺北市中山區松江路367號10樓,臺北市中山區松江路367號,,
SA104-0006,臺北市中山運動中心,臺北市,中山區,民安里,中山北路二段44巷2號,體育場館/運動中心,否,備用,否,否,是,否,是,否,集英里、聚葉里、聚盛里、圓山里,184,453,1257,楊景棠,02-2581-1060#221,王家慶,02-2570-2330#6423,,臺北市中山區中山北路二段44巷2號,臺北市中山區中山北路二段44巷2號,,
SA104-0007,新生公園棒球場,臺北市,中山區,新庄里,新生北路三段105號,體育場館/運動中心,否,備用,否,否,是,否,否,是,恆安里、晴光里、圓山里、新庄里、新喜里、新福里、大佳里,60,60,388,陳筱宜,02-25702330#6504,陳筱宜,02-25702330#6504,,臺北市中山區新生北路三段105號,臺北市中山區新生北路三段105號,,
SA104-0008,臺北市立大同高級中學,臺北市,中山區,中央里,長春路167號,學校,否,備用,否,否,是,是,是,否,中吉里、中央里、朱馥里、松江里、復華里,300,2474,1905,吳榮達,02-25054269#130,柯明樹,02-25054269#102,,臺北市中山區長春路167號,臺北市中山區長春路167號,,
SA104-0009,臺北市中山區大佳國民小學,臺北市,中山區,大佳里,濱江街107號,學校,是,備用,否,否,是,是,是,否,大佳里,30,239,120,張云生,02-25035816#170,林光媚,02-25035816#100,,臺北市中山區濱江街107號,臺北市中山區濱江街107號,,
SA104-0010,臺北市立大直高級中學,臺北市,中山區,劍潭里,北安路420號,學校,是,備用,否,否,是,是,是,否,劍潭里、大直里、大佳里、北安里、成功里、永安里、正得里,300,1309,1800,陳為邦,02-25334017#141,張麗萍,02-25334017#111,,臺北市中山區北安路420號,臺北市中山區北安路420號,,
SA104-0011,臺北市中山區大直國民小學,臺北市,中山區,大直里,大直街2號,學校,否,備用,否,否,是,是,是,否,大直里、劍潭里、永安里,263,1125,1554.41,黃忠賢,02-25333953#35,林淑華,02-25333953#66,,臺北市中山區大直街2號,臺北市中山區大直街2號,,
SA104-0013,臺北市中山區中正國民小學,臺北市,中山區,力行里,龍江路62號,學校,否,備用,否,否,是,是,是,否,朱崙里、力行里、朱園里、復華里,140,824,560,吳思穎,02-25070932#131,黃維瑜,02-25070932#100,,臺北市中山區龍江路62號,臺北市中山區龍江路62號,,
SA104-0014,臺北市立五常國民小學,臺北市,中山區,下埤里,五常街16號,學校,是,備用,否,否,是,是,是,否,下埤里、行政里、行仁里、行孝里、江寧里、江山里,240,816,962,陳錦如,02-25023416#831,曹曉文,02-25023416#888,,臺北市中山區五常街16號,臺北市中山區五常街16號,,
SA104-0015,臺北市中山區北安國民中學,臺北市,中山區,劍潭里,明水路325號,學校,是,備用,否,否,是,是,是,否,圓山里、劍潭里、正得里、大直里、大佳里、永安里、新喜里、晴光里,30,345,492,詹淑鈴,02-25333888#240,葉嘉惠,02-2533-3888#210,,臺北市中山區明水路325號,臺北市中山區明水路325號,,
SA104-0016,臺北市中山區永安國民小學,臺北市,中山區,永安里,明水路397巷19弄1號,學校,否,備用,否,否,是,是,是,否,永安里、成功里、北安里,1653,1674,6613,陳信鴻,02-25335672#230,張文壽,02-25335672#201,,臺北市中山區明水路397巷19弄1號,臺北市中山區明水路397巷19弄1號,,
SA104-0017,臺北市中山區吉林國民小學,臺北市,中山區,中原里,長春路116號,學校,是,備用,否,否,是,是,是,否,康樂里、中山里、中吉里、中原里、中庄里。,89,792,356,殷必蕙,02-25219196#850,郭瑞芬,02-25219196#888,,臺北市中山區長春路116號,臺北市中山區長春路116號,,
SA104-0018,臺北市中山區長安國民小學,臺北市,中山區,興亞里,吉林路15號,學校,是,備用,否,否,是,是,是,否,正守里、正義里、正得里、興亞里、朱園里、民安里、中吉里,202,448,810,余芊瑢,02-25617600#130,嚴淑珠,02-25617600#100,,臺北市中山區吉林路15號,臺北市中山區吉林路15號,,
SA104-0019,臺北市立長安國民中學,臺北市,中山區,興亞里,松江路70巷11號,學校,是,備用,否,否,是,是,是,否,力行里、朱崙里、朱園里、興亞里、正義里、正守里、中原里、埤頭里,41,245,234,張吉元,02-25112382#501,歐陽秀幸,02-25112382#101,,臺北市中山區松江路70巷11號,臺北市中山區松江路70巷11號,,
SA104-0020,臺北市中山區長春國民小學,臺北市,中山區,中央里,長春路165號,學校,否,備用,否,否,是,否,是,否,朱馥里、龍洲里、松江里、中央里、復華里、江山里、江寧里,47,621,636,賴冠今,02-25024366#151,李奕寬,02-25024366#101,,臺北市中山區長春路165號,臺北市中山區長春路165號,,
SA104-0021,臺北市中山區濱江國民小學,臺北市,中山區,金泰里,樂群二路266巷99號,學校,是,備用,否,否,是,是,是,否,金泰里、成功里,114,1124,3750,吳士愷,02-85021571#1400,吳勝學,02-85021571#1000,,臺北市中山區樂群二路266巷99號,臺北市中山區樂群二路266巷99號,,
SA104-0022,臺北市濱江實驗國民中學,臺北市,中山區,金泰里,樂群二路262號,學校,是,備用,否,否,是,是,是,否,金泰里、北安里、成功里、永安里,100,1377,5626,尤博正,02-85020126#401,陳昫姮,02-85020126#102,,臺北市中山區樂群二路262號,臺北市中山區樂群二路262號,,
SA104-0023,臺北市中山區懷生國民小學,臺北市,中山區,埤頭里,安東街16巷2號,學校,是,備用,否,否,是,是,是,否,埤頭里,30,467,63,史弘光,02-27710846#801,黃淑茹,02-27710846#100,,臺北市中山區安東街16巷2號,臺北市中山區安東街16巷2號,,
SA104-0025,下塔悠(公7)公園,臺北市,中山區,金泰里,"樂群一路旁,基隆河截彎取直範圍內",公園/綠地,否,是,否,否,否,是,否,是,劍潭、大直、北安、永安、成功、金泰,2105,2105,24249,謝榮倫,02-25850192#222,莊勝豪,02-25850192#201,,"臺北市中山區樂群一路旁,基隆河截彎取直範圍內",臺北市中山區下塔悠公園,,
SA104-0026,華山公園,臺北市,中山區,正得、正守里,市民大道二段,公園/綠地,否,是,否,否,否,是,否,是,正守、正義、正得、民安、康樂、興亞,1271,1271,14646,謝榮倫,02-25850192#222,莊勝豪,02-25850192#201,,臺北市中山區市民大道二段,臺北市中山區華山公園,,
SA104-0027,金泰(公8)公園,臺北市,中山區,金泰里,"樂群一路旁,基隆河截彎取直範圍內",公園/綠地,否,是,否,否,否,是,否,是,劍潭、大直、北安、永安、成功、金泰,3500,3500,14117,謝榮倫,02-25850192#222,莊勝豪,02-25850192#201,,"臺北市中山區樂群一路旁,基隆河截彎取直範圍內",臺北市中山區金泰公園,,
SA104-0028,明水公園,臺北市,中山區,永安里,北安路538巷1弄1號前,公園/綠地,否,是,否,否,否,是,否,是,劍潭、大直、北安、永安、成功、金泰,868,868,10002,謝榮倫,02-25850192#222,莊勝豪,02-25850192#201,,臺北市中山區北安路538巷1弄1號前,臺北市中山區北安路538巷1弄1號,,
SA104-0042,臺北市立中山女子高級中學,臺北市,中山區,力行里,長安東路二段141號,學校,是,備用,否,否,是,是,是,否,朱園里、埤頭里、朱崙里、力行里、復華里,135,4171,1325,許修輔,02-25073148#500,張云棻,02-25073148#100,,臺北市中山區長安東路二段141號,臺北市中山區長安東路二段141號,,
SA104-0043,臺北市市場處臺北市民族魚市,臺北市,中山區,行孝里,民族東路410巷2弄18、20號,市場/停車場,是,否,否,否,否,是,否,是,全區,950,950,3837.57,市場處批發科袁應興,02-25505220#2212,漁產公司 鄭世維,02-2309-0412,,臺北市中山區民族東路410巷2弄18、20號,臺北市中山區民族東路410巷2弄18號,,
SA104-0044,松江南京站,臺北市,中山區,中吉里,松江路126號B1,捷運站體,是(備用),否,否,否,否,是,是,否,全區,1963,1963,7852,臺北捷運公司值班站長,25505600#5172,臺北捷運公司值班站長,25505600#5172,,臺北市中山區松江路126號B1,臺北市中山區松江路126號,,
SA104-0045,花博公園圓山園區,臺北市,中山區,圓山里,"玉門街1號.(玉泉街以東,中山北路以西,酒泉街以北)",公園/綠地,是,是,否,否,否,是,否,是,圓山、新庄、晴光、恆安、集英、聚葉、聚盛、中山,13517,13517,155762,謝榮倫,02-25850192#222,莊勝豪,02-25850192#201,,"臺北市中山區玉門街1號.(玉泉街以東,中山北路以西,酒泉街以北)",臺北市中山區玉門街1號,,
SA104-0046,臺北市市場處長春市場地下停車場,臺北市,中山區,龍洲里,長春路299號1樓,市場/停車場,否,否,否,否,否,是,是,否,全區,200,200,800,市場處市場科賴得睿,02-2550-5220#2155,市場處市場科黃聖琳,02-2550-5220#2111,,臺北市中山區長春路299號1樓,臺北市中山區長春路299號,,
SA104-0047,臺北市立美術館,臺北市,中山區,圓山里,中山北路三段181號,藝術中心,否,否,否,否,是,是,是,是,圓山里,366,3474,1465.34,洪晧源約僱技士,02-25957656#514,洪晧源約僱技士,02-25957656#514,,臺北市中山區中山北路三段181號,臺北市中山區中山北路三段181號,,
SA104-0048,臺北市立圖書館大直分館,臺北市,中山區,大直里,大直街25號3-5樓,圖書館,否,否,否,否,是,是,是,否,大直里,30,30,893,分館主任：林盈潔,02-25336535,分館主任：林盈潔,02-25336535,,臺北市中山區大直街25號3-5樓,臺北市中山區大直街25號,,
SA104-0049,臺北市立圖書館中山分館,臺北市,中山區,行政里,松江路367號8樓,圖書館,是,否,否,否,是,是,是,否,全區,46,46,188,分館主任：高庭萱,02-25026442,分館主任：高庭萱,02-25026442,,臺北市中山區松江路367號8樓,臺北市中山區松江路367號,,
SA104-0050,臺北市立圖書館長安分館,臺北市,中山區,民安里,長安西路3號4樓,圖書館,否,否,否,否,是,是,是,否,全區,37,37,345,分館主任：郭斌達,02-25625540,分館主任：郭斌達,02-25625540,,臺北市中山區長安西路3號4樓,臺北市中山區長安西路3號,,
SA104-0051,臺北市市場處臺北市第二果菜市場,臺北市,中山區,行孝里,民族東路336號,市場/停車場,是,否,否,否,否,是,是,否,全區,5063,5063,"20,568",市場處批發科陳靖芯,02-2550-5220#2208,農產公司 楊鎮浯,02-2516-0028,,臺北市中山區民族東路336號,臺北市中山區民族東路336號,,
SA104-0052,大同大學,臺北市,中山區,圓山里,中山北路3段40號,大專校院,否,備用,否,否,否,是,是,否,全區,341,341,1367,莊順誠組長,02-25925252 #3496,莊順誠組長,02-25925252 #3496,,臺北市中山區中山北路3段40號,臺北市中山區中山北路三段40號,,
SA104-0053,國立臺北大學(暫停用，117年回任),臺北市,中山區,江山里,民生東路3段67號,大專校院,否,備用,否,否,否,是,是,否,全區,581,581,2324,總務處,02-25024654,總務處,02-25024654,國立臺北大學:因辦理民生BOT用地之需，已於113年4月18日報廢拆除，預估117年1月完工。,臺北市中山區民生東路3段67號,臺北市中山區民生東路三段67號,,
SA105-0001,臺北市立民生國民中學,臺北市,松山區,新東里,新東街30巷1號,學校,是,是,否,否,是,是,是,否,三民里、莊敬里、富錦里、富泰里、新東里、新益里,161,529,644,陳梅芬,02-27653433#300,高敏慧,02-27653433#111,活動中心3樓,臺北市松山區新東街30巷1號,臺北市松山區新東街30巷1號,,
SA105-0002,臺北市松山區三民國民小學,臺北市,松山區,莊敬里,民權東路五段1號,學校,是,是,否,否,是,是,是,否,莊敬里、新益里、富錦里、新東里,139,715,558.6,官聖政,02-27646080#231,羅永治,02-27646080#299,,臺北市松山區民權東路五段1號,臺北市松山區民權東路五段1號,,
SA105-0003,臺北市立敦化國民中學,臺北市,松山區,中正里,南京東路三段300號,學校,是,備用,否,否,是,是,是,否,中華里、中正里、中崙里、吉仁里、美仁里、福成里、敦化里、復源里、松基里、復建里,253,2353,1012,鄭忠興,02-87717890#250,陳澤民,02-87717890#611,活動中心4樓,臺北市松山區南京東路三段300號,臺北市松山區南京東路三段300號,,
SA105-0004,臺北市松山區民生國民小學,臺北市,松山區,中華里,敦化北路199巷18號,學校,是,備用,否,否,是,是,是,否,龍田里、東勢里、東昌里、中華里、介壽里、精忠里,126,560,504,苗振華,02-27122452#830,楊玲珠,02-27122452#880,活動中心4樓,臺北市松山區敦化北路199巷18號,臺北市松山區敦化北路199巷18號,,
SA105-0005,民權公園,臺北市,松山區,東榮里,民權東路四段、民權國小附近,公園/綠地,是,是,否,否,否,是,否,是,全區,2465,2465,27458,謝榮倫,02-25850192#222,莊勝豪,02-25850192#201,,臺北市松山區民權東路四段、民權國小附近,臺北市松山區民權公園,,
SA105-0006,臺北市松山運動中心,臺北市,松山區,中正里,敦化北路1號,體育場館/運動中心,是,備用,否,否,是,否,是,否,美仁里、中正里、中華里、敦化里,30,30,1797,賴威志,02-6617-6789#218,楊孔仁,02-2570-2330#6429,,臺北市松山區敦化北路1號,臺北市松山區敦化北路1號,,
SA105-0007,臺北田徑場,臺北市,松山區,中正里,敦化北路3號,體育場館/運動中心,是,備用,否,否,是,否,否,是,美仁里、中正里、中華里、敦化里、東勢里,281,281,1760,李仲涵,02-25702330#6513,李仲涵,02-25702330#6513,,臺北市松山區敦化北路3號,臺北市松山區敦化北路3號,,
SA105-0008,臺北體育館,臺北市,松山區,中正里,南京東路四段10號,體育場館/運動中心,是,備用,否,否,是,否,是,否,美仁里、中正里、中華里、敦化里、復建里、東勢里、復勢里,1000,1141,4000,李坊勻,02-25702330#6552,李坊勻,02-25702330#6552,,臺北市松山區南京東路四段10號,臺北市松山區南京東路四段10號,,
SA105-0009,臺北市立中山國民中學,臺北市,松山區,民有里,復興北路361巷7號,學校,是,備用,否,否,是,是,是,否,民有里、松基里、民福里,277,880,1110,蔡戊己,02-27126701#501,吳明峰,02-27126701#101,,臺北市松山區復興北路361巷7號,臺北市松山區復興北路361巷7號,,
SA105-0010,臺北市立中崙高級中學,臺北市,松山區,吉祥里,八德路四段101號,學校,是,備用,否,否,是,是,是,否,復建里、復勢里、東光里、吉祥里、新聚里、復盛里,300,2897,1220,莊馥羽,02-27535316#403,吳銘祥,02-27535316#100,,臺北市松山區八德路四段101號,臺北市松山區八德路四段101號,,
SA105-0036,臺北市立圖書館民生分館,臺北市,松山區,精忠里,敦化北路199巷5號4、5樓,圖書館,是,否,否,否,是,是,是,否,全區,38,38,200,分館主任：林君諭,02-27138083,分館主任：林君諭,02-27138083,,臺北市松山區敦化北路199巷5號4、5樓,臺北市松山區敦化北路199巷5號,,
SA105-1011,臺北市立介壽國民中學,臺北市,松山區,介壽里,延壽街401號,學校,是,備用,否,否,是,是,是,否,介壽里、東榮里、東昌里、東勢里、龍田里、精忠里、復勢里、中華里,144,1357,576,陳鳳敏,02-27664496#500,陳建廷,02-27664496#288,,臺北市松山區延壽街401號,臺北市松山區延壽街401號,,
SA105-1012,臺北市松山區民族國民小學,臺北市,松山區,精忠里,民生東路四段97巷7號,學校,否,備用,否,否,是,是,是,否,精忠里、民有里、松基里、民福里,30,769,116,黃國榮,02-27124872#935,吳政哲,02-27124872#910,,臺北市松山區民生東路四段97巷7號,臺北市松山區民生東路四段97巷7號,,
SA105-1013,臺北市立西松高級中學,臺北市,松山區,鵬程里,健康路325巷7號,學校,否,備用,否,否,是,是,是,否,安平里、自強里、鵬程里、東光里、吉祥里、新聚里、復盛里,300,962,1222,施柏豪,02-25286618#111,陳雅萍,02-25286618#101,活動中心2樓,臺北市松山區健康路325巷7號,臺北市松山區健康路325巷7號,,
SA105-1014,臺北市松山區西松國民小學,臺北市,松山區,東光里,三民路5號,學校,否,備用,否,否,是,是,是,否,新聚里、安平里、吉祥里、東光里、復盛里、鵬程里,46,595,188,吳崇西,02-27609221#500,胡慧宜,02-27609221#100,,臺北市松山區三民路5號,臺北市松山區三民路5號,,
SA105-1015,臺北市松山區松山國民小學,臺北市,松山區,慈祐里,八德路四段746號,學校,否,備用,否,否,是,是,是,否,慈祐里、新東里,95,1043,1290,吳盈諄,02-27672907#630,陳冠英,02-27672907#601,活動中心2樓,臺北市松山區八德路四段746號,臺北市松山區八德路四段746號,,
SA105-1016,臺北市松山區健康國民小學,臺北市,松山區,自強里,延壽街168號,學校,否,備用,否,否,是,是,是,否,自強里、三民里、富泰里、鵬程里、介壽里、龍田里,148,751,594,江艾謙,02-25282814#131,張禎娟,02-25282814#100,活動中心3樓,臺北市松山區延壽街168號,臺北市松山區延壽街168號,,
SA105-1017,敦化國小,臺北市,松山區,中正里,敦化北路2號,學校,是,備用,否,否,是,是,是,否,美仁里、吉仁里、中崙里、敦化里、福成里、復源里、復建里、復勢里、中正里、松基里、中華里,56,922,900,王培成,02-27414065#130,劉建男,02-27414065#160,活動中心3樓,臺北市松山區敦化北路2號,臺北市松山區敦化北路2號,,
SA105-1018,臺北市松山區民權國民小學,臺北市,松山區,三民里,民權東路四段200號,學校,是,是,否,否,是,是,是,否,東榮里、三民里、富泰里、富錦里、新東里,80,867,588,劉昶讓,02-27652327#650,李承華,02-27652327#688,活動中心4樓,臺北市松山區民權東路四段200號,臺北市松山區民權東路四段200號,,
SA105-1019,中正區民活動中心,臺北市,松山區,中正里,長安東路2段229號11樓,活動中心,是,否,否,否,是,是,是,否,中華里、美仁里、中崙里、福成里、松基里,112,165,449.59,張元儒,02-87878787#815,張元儒,02-87878787#815,,臺北市松山區長安東路2段229號11樓,臺北市松山區長安東路二段229號,,
SA105-1020,民有區民活動中心,臺北市,松山區,民有里,民權東路三段140巷15號4、5樓,活動中心,是,否,否,否,是,是,是,否,精忠里、松基里、民福里,196,236,955.38,張元儒,02-87878787#815,張元儒,02-87878787#815,4樓禮堂124人；5樓自習室72人。,臺北市松山區民權東路三段140巷15號4、5樓,臺北市松山區民權東路三段140巷15號,,
SA105-1021,自強區民活動中心,臺北市,松山區,自強里,三民路35巷9號,活動中心,否,否,否,否,是,是,是,否,龍田里、介壽里、三民里、富泰里、鵬程里、安平里、東光里,68,85,307.44,張元儒,02-87878787#815,張元儒,02-87878787#815,,臺北市松山區三民路35巷9號,臺北市松山區三民路35巷9號,,
SA105-1022,慈祐區民活動中心,臺北市,松山區,慈祐里,八德路4段568號,活動中心,否,否,否,否,是,是,是,否,新聚里、新東里,54,54,218.18,張元儒,02-87878787#815,張元儒,02-87878787#815,,臺北市松山區八德路4段568號,臺北市松山區八德路四段568號,,
SA105-1023,鵬程區民活動中心,臺北市,松山區,鵬程里,健康路399號3樓,活動中心,否,否,否,否,是,是,是,否,新東里、自強里、安平里、富泰里,161,161,647.94,張元儒,02-87878787#815,張元儒,02-87878787#815,111年完成大樓耐震補強工程施作。,臺北市松山區健康路399號3樓,臺北市松山區健康路399號,,
SA105-1024,南京復興站,臺北市,松山區,中正里,南京東路3段253號B1,捷運站體,是(備用),否,否,否,否,是,是,否,全區,1270,1270,5083,臺北捷運公司值班站長,02-25505600#5182,臺北捷運公司值班站長,02-25505600#5182,,臺北市松山區南京東路3段253號B1,臺北市松山區南京東路三段253號,,
SA105-1025,臺北市市場處嘟嘟房敦北頂好站停車場,臺北市,松山區,精忠里,敦化北路199巷5號地下1樓,市場/停車場,是(備用),否,否,否,否,是,是,否,全區,253,253,1014.96,市場處輔導科賴怡臻,02-2550-5220#5015,市場處輔導科黃馨樺,02-2550-5220#5003,民生超市,臺北市松山區敦化北路199巷5號地下1樓,臺北市松山區敦化北路199巷5號,,
SA105-1026,臺北市立圖書館三民分館,臺北市,松山區,三民里,民生東路五段163-1號5、6樓,圖書館,是,否,否,否,是,是,是,否,全區,70,274,280,分館主任：黃采瑜,02-27600408,分館主任：黃采瑜,02-27600408,,臺北市松山區民生東路五段163-1號5、6樓,臺北市松山區民生東路五段163之1號,,
SA105-1027,臺北市立圖書館中崙分館,臺北市,松山區,中正里,長安東路二段229號7-10樓,圖書館,是,否,否,否,是,是,是,否,全區,37,37,148,分館主任：許淑莉,02-87736858,分館主任：許淑莉,02-87736858,,臺北市松山區長安東路二段229號7-10樓,臺北市松山區長安東路二段229號,,
SA105-1029,臺北市立圖書館松山分館(暫停用),臺北市,松山區,慈祐里,八德路四段688號5-8樓,圖書館,否,否,否,否,否,是,是,否,全區,搬遷中,搬遷中,搬遷中,分館主任：林佳穎,02-27531875,分館主任：林佳穎,02-27531875,圖書館:即將安排建物拆除，尚待市府規劃後續搬遷位置。本府回復:同意貴分館暫時解除任務，俟規劃搬遷位置後回任收容所任務,臺北市松山區八德路四段688號5-8樓,臺北市松山區八德路四段688號,,
SA105-1030,臺北市立圖書館啟明分館,臺北市,松山區,中華里,敦化北路155巷76號,圖書館,是,否,否,否,是,是,是,否,全區,80,80,500,分館主任：陳建德,02-25148443,分館主任：陳建德,02-25148443,,臺北市松山區敦化北路155巷76號,臺北市松山區敦化北路155巷76號,,
SA105-1031,臺北市市場處龍城市場地下停車場,臺北市,松山區,龍田里,光復北路190巷39號,市場/停車場,否,否,否,否,否,是,是,否,全區,879,879,"3,517.24",市場處市場科許舜傑,02-25505220#2117,市場處市場科黃聖琳,02-2550-5220#2111,,臺北市松山區光復北路190巷39號,臺北市松山區光復北路190巷39號,,
SA105-1032,民生公園,臺北市,松山區,介壽里,民生東路五段36巷4弄與8弄間.,公園/綠地,是,是,否,否,否,是,否,是,全區,1554,1554,26250,謝榮倫,02-25850192#222,莊勝豪,02-25850192#201,,臺北市松山區民生東路五段36巷4弄與8弄間.,臺北市松山區民生公園,,
SA105-1033,臺北小巨蛋,臺北市,松山區,美仁里,南京東路四段2號,體育場館/運動中心,是,備用,否,否,否,是,是,否,全區,8245,8245,32978.42,北捷遊憩公司控制中心值班人員,25783536#333,北捷遊憩公司控制中心值班人員,25783536#333,,臺北市松山區南京東路四段2號,臺北市松山區南京東路四段2號,,
SA106-0001,臺北市民族實驗國中,臺北市,大安區,學府里,羅斯福路四段113巷13號,學校,否,備用,老舊聚落,否,是,是,是,否,古風里、古莊里、龍泉里、學府里、大學里、龍淵里、龍坡里、黎和里,139,537,558,林璟琅,02-27322935#231,洪錫璿,02-27322935#201,,臺北市大安區羅斯福路四段113巷13號,臺北市大安區羅斯福路四段113巷13號,,
SA106-0002,臺北市大安區大安國民小學,臺北市,大安區,芳和里,臥龍街129號,學校,是,備用,老舊聚落,否,是,是,是,否,黎和里、黎孝里、黎元里、芳和里、臥龍里、虎嘯里、臥龍里、臥龍里、學府里、黎和里,152,1257,608,劉正山,02-27322332#831,連世驊,02-27322332#899,,臺北市大安區臥龍街129號,臺北市大安區臥龍街129號,,
SA106-0003,臺北市立龍門國民中學,臺北市,大安區,龍門里,建國南路二段269號,學校,是,是,否,否,是,是,是,否,龍門里、龍坡里、龍生里、新龍里、大學里、臥龍里、龍淵里、龍泉里,319,1168,1277,江孟純,02-27330299#1411,洪國峰,02-27330299#1101,,臺北市大安區建國南路二段269號,臺北市大安區建國南路二段269號,,
SA106-0004,臺北市大安區幸安國民小學,臺北市,大安區,民炤里,仁愛路3段22號,學校,否,是,否,否,是,是,是,否,民炤里、和安里、民輝里、龍圖里,183,640,733,許佳琪,02-27074191#3300,曾振富,02-27074191#3000,,臺北市大安區仁愛路3段22號,臺北市大安區仁愛路三段22號,,
SA106-0005,大安森林公園,臺北市,大安區,龍門里,新生南路二段1號,公園/綠地,是,是,否,否,否,是,否,是,全區,37949,37949,259354,趙子瑩,02-23032451,陳煌耀,02-23032451,,臺北市大安區新生南路二段1號,臺北市大安區新生南路二段1號,,
SA106-0006,臺北市大安運動中心,臺北市,大安區,臥龍里,辛亥路三段55號,體育場館/運動中心,是,備用,否,否,是,否,是,否,龍淵、臥龍里,389,1032,2789,蕭幼麟,02-2377-0300#168,林欣儀,02-2570-2330#6424,,臺北市大安區辛亥路三段55號,臺北市大安區辛亥路三段55號,,
SA106-0007,臺北市立大安高級工業職業學校,臺北市,大安區,龍圖里,復興南路2段52號,學校,是,備用,否,否,是,是,是,否,龍圖、仁慈、住安里,100,2692,2035.38,詹宓錫,02-27091630#1401,楊益强,02-27091630#1001,,臺北市大安區復興南路2段52號,臺北市大安區復興南路二段52號,,
SA106-0008,臺北市立大安國民中學,臺北市,大安區,龍雲里,大安路二段63號,學校,否,備用,否,否,是,是,是,否,住安里、義安里、通化里、群英里、群賢里、龍陣里、龍雲里、龍圖里、全安里、臨江里、法治里、龍生里,100,1410,776,林佑忠,02-27557131#103,蔣佳良,02-27557131#168,,臺北市大安區大安路二段63號,臺北市大安區大安路二段63號,,
SA106-0009,臺北市大安區仁愛國民小學,臺北市,大安區,敦安里,安和路一段60號,學校,否,備用,否,否,是,是,是,否,光武里、建安里、建倫里、敦煌里、敦安里、通化里、通安里、德安里、仁慈里、義安里、仁愛里、光信里、車層里、通安里,122,1755,490,柯逸渢,02-27095010#401,林其賢,02-27095010#101,,臺北市大安區安和路一段60號,臺北市大安區安和路一段60號,,
SA106-0010,臺北市立仁愛國民中學,臺北市,大安區,敦安里,仁愛路四段130號,學校,否,備用,否,否,是,是,是,否,建安里、敦安里、德安里、敦煌里、建倫里、光信里、車層里、仁愛里、通安里、正聲里、華聲里、仁愛里、光武里,125,912,900,朱美銀,02-23255823#1168,周婉玲,02-23255823#1101,,臺北市大安區仁愛路四段130號,臺北市大安區仁愛路四段130號,,
SA106-0011,臺北市大安區公館國民小學,臺北市,大安區,學府里,基隆路四段41巷68弄2號,學校,否,備用,老舊聚落,否,是,是,是,否,學府里、學府里、龍淵里,30,488,108,李宜珈,02-27351734#230,廖傑隆,02-27351734#200,,臺北市大安區基隆路四段41巷68弄2號,臺北市大安區基隆路四段41巷68弄2號,,
SA106-0012,臺北市大安區古亭國民小學,臺北市,大安區,古風里,羅斯福路三段201號,學校,否,備用,否,否,是,是,是,否,古風里、古莊里、大學里、龍泉里,200,981,840,蔡逸珮,02-23639795#831,邢小萍,02-23639795#888,,臺北市大安區羅斯福路三段201號,臺北市大安區羅斯福路三段201號,,
SA106-0013,臺北市立和平高級中學,臺北市,大安區,芳和里,臥龍街100號,學校,是,備用,否,否,是,是,是,否,虎嘯里、臥龍里、芳和里、全安里、法治里、臨江里、龍淵里,180,180,2360,施振裕,02-27324300#150,楊廣銓,02-27324300#101,,臺北市大安區臥龍街100號,臺北市大安區臥龍街100號,,
SA106-0014,臺北市芳和實驗中學,臺北市,大安區,芳和里,臥龍街170號,學校,否,備用,否,否,是,是,是,否,黎和里、黎孝里、黎元里、芳和里、學府里,37,323,150,黃清勇,02-27321961#501,黃琬茹,02-27321961#101,,臺北市大安區臥龍街170號,臺北市大安區臥龍街170號,,
SA106-0015,臺北市大安區金華國民小學,臺北市,大安區,永康里,愛國東路79巷11號,學校,否,備用,否,否,是,是,是,否,光明里、永康里、錦泰里、錦華里、錦安里、龍安里、福住里,84,923,710,張寬讚,02-23917402#830,鄭盛元,02-23917402#800,,臺北市大安區愛國東路79巷11號,臺北市大安區愛國東路79巷11號,,
SA106-0016,臺北市立金華國民中學,臺北市,大安區,福住里,新生南路二段32號,學校,否,備用,否,否,是,是,是,否,永康里、福住里、龍安里、錦安里、龍圖里、民炤里、龍坡里、龍泉里、古風里、古莊里、龍淵里、新龍里、龍生里,358,1630,1433,許珮甄,02-33931799#501,黃啟清,02-33931799#101,,臺北市大安區新生南路二段32號,臺北市大安區新生南路二段32號,,
SA106-0017,臺北市大安區建安國民小學,臺北市,大安區,龍雲里,大安路二段99號,學校,否,備用,否,否,是,是,是,否,群英里、群賢里、全安里、法治里、龍陣里、龍雲里、住安里、義安里、治里、新龍里、龍圖里、臥龍里,30,1242,150,賈維嫆,02-27077119#821,蕭如君,02-27077119#820,,臺北市大安區大安路二段99號,臺北市大安區大安路二段99號,,
SA106-0018,臺北市大安區新生國民小學,臺北市,大安區,龍安里,新生南路二段36號,學校,是,備用,否,否,是,是,是,否,福住里、錦安里、龍安里,228,516,912.6,蔡佩彣,02-23913122#231,李雪鳳,02-23913122#201,,臺北市大安區新生南路二段36號,臺北市大安區新生南路二段36號,,
SA106-0019,臺北市大安區銘傳國民小學,臺北市,大安區,學府里,羅斯褔路四段21號,學校,否,備用,否,否,是,是,是,否,學府里,161,460,760,吳家蓁,02-23639815#16,卓家意,02-23639815#10,,臺北市大安區羅斯褔路四段21號,臺北市大安區羅斯褔路四段21號,,
SA106-0020,台北市大安區龍安國民小學,臺北市,大安區,龍門里,新生南路三段33號,學校,是,備用,否,否,是,是,是,否,龍坡里、大學里、龍生里、龍門里、龍泉里、古莊里、龍安里、新龍里、臥龍里,63,1178,251,蕭錦玲,02-23632077#730,鄭福來,02-23632077#766,,臺北市大安區新生南路三段33號,臺北市大安區新生南路三段33號,,
SA106-0021,臺北市立懷生國民中學,臺北市,大安區,義村里,忠孝東路三段248巷30號,學校,是,備用,否,否,是,是,是,否,誠安里、民輝里、昌隆里、義村里、民炤里、正聲里、華聲里、仁愛里、光武里,165,414,660,徐蓓貞,02-27215078#330,林國華,02-27215078#888,體育館2樓,臺北市大安區忠孝東路三段248巷30號,臺北市大安區忠孝東路三段248巷30號,,
SA106-0022,大安站,臺北市,大安區,龍圖里,信義路3段180號B1,捷運站體,是(備用),否,否,否,否,是,是,否,全區,969,969,3876,臺北捷運公司值班站長,25505600#4082,臺北捷運公司值班站長,25505600#4082,,臺北市大安區信義路3段180號B1,臺北市大安區信義路三段180號,,
SA106-0023,臺北市市場處安東市場地下停車場,臺北市,大安區,龍陣里,瑞安街75號,市場/停車場,否,否,否,否,否,是,是,否,全區,386,386,"1,545.81",市場處市場科孟科廷,02-2550-5220#2114,市場處市場科湯順明,02-2550-5220#2104,,臺北市大安區瑞安街75號,臺北市大安區瑞安街75號,,
SA106-0024,忠孝復興站,臺北市,大安區,光武里,忠孝東路4段47號B1,捷運站體,是(備用),否,否,否,否,是,是,否,全區,1420,1420,5682,臺北捷運公司值班站長,25505600#6102,臺北捷運公司值班站長,25505600#6102,,臺北市大安區忠孝東路4段47號B1,臺北市大安區忠孝東路四段47號,,
SA106-0025,忠孝新生站,臺北市,大安區,民輝里,新生南路1段67號B1,捷運站體,是(備用),否,否,否,否,是,是,否,全區,2803,2803,11212,臺北捷運公司值班站長,25505600#6092,臺北捷運公司值班站長,25505600#6092,,臺北市大安區新生南路1段67號B1,臺北市大安區新生南路一段67號,,
SA106-0026,東門站,臺北市,大安區,永康里,信義路2段166號B1,捷運站體,是(備用),否,否,否,否,是,是,否,全區,1326,1326,5307,臺北捷運公司值班站長,25505600#7142,臺北捷運公司值班站長,25505600#7142,,臺北市大安區信義路2段166號B1,臺北市大安區信義路二段166號,,
SA106-0027,東區地下街,臺北市,大安區,光武里,大安路一段77號B1,捷運站體,是(備用),否,否,否,否,是,是,否,全區,2625,2625,13850,臺北捷運公司領班,2550-5600#3204,臺北捷運公司領班,2550-5600#3204,,臺北市大安區大安路一段77號B1,臺北市大安區大安路一段77號,,
SA106-0028,臺北市市場處嘟嘟房大安全聯站停車場,臺北市,大安區,車層里,市民大道4段190號地下一樓,市場/停車場,否,否,否,否,否,是,是,否,全區,237,237,948.3,市場處輔導科梁巧俐,02-2550-5220#5008,市場處輔導科黃馨樺,02-2550-5220#5003,延吉超市,臺北市大安區市民大道4段190號地下一樓,臺北市大安區市民大道四段190號,,
SA106-0029,臺北市市場處榮帝科技全聯大安北師店停車場,臺北市,大安區,富民里,和平東路2段311巷29號地下1樓,市場/停車場,否,否,否,否,否,是,是,否,全區,76,76,306.54,市場處輔導科葉綺文,02-2550-5220#5016,市場處輔導科黃馨樺,02-2550-5220#5003,成功超市,臺北市大安區和平東路2段311巷29號地下1樓,臺北市大安區和平東路二段311巷29號,,
SA106-0030,臺北市立圖書館道藩分館,臺北市,大安區,臥龍里,辛亥路三段11號3樓,圖書館,是,否,否,否,是,是,是,否,全區,32,32,1177.91,分館主任：許韻如,02-27334031,分館主任：許韻如,02-27334031,,臺北市大安區辛亥路三段11號3樓,臺北市大安區辛亥路三段11號,,
SA106-0031,臺北市立圖書館總館,臺北市,大安區,新龍里,建國南路二段125號,圖書館,否,否,否,否,是,是,是,否,全區,70,184,280,秘書室主任：廖美宏,02-27552823,秘書室主任：廖美宏,02-27552823,,臺北市大安區建國南路二段125號,臺北市大安區建國南路二段125號,,
SA106-0032,臺北市市場處錦安市場地下停車場,臺北市,大安區,錦安里,永康街60號,市場/停車場,是(備用),否,否,否,否,是,是,否,全區,113,113,453.52,市場處市場科張泓皓,02-2550-5220#2139,市場處市場科方賢凱,02-2550-5220#2102,,臺北市大安區永康街60號,臺北市大安區永康街60號,,
SA106-0033,國立臺北教育大學,臺北市,大安區,臥龍里,和平東路2段134號,大專校院,否,備用,否,否,否,是,是,否,臥龍里、龍淵里、虎嘯里、全安里、群賢里、群英里、龍陣里、龍生里,402,402,2014,總務處環安組潘淑華組長,02-27321104#82170,體育室林家瑩主任,02-27321104#83411,,臺北市大安區和平東路2段134號,臺北市大安區和平東路二段134號,,
SA106-0034,國立臺灣師範大學,臺北市,大安區,古莊里,和平東路一段 162 號,大專校院,否,備用,否,否,否,是,是,否,龍泉里、錦安里、錦華里、古莊里、古風里、福住里、龍安里、永康里、光明里、錦泰里,300,300,1500,體育室場館組,02-77493182,體育室主任,0277493170,,臺北市大安區和平東路一段 162 號,臺北市大安區和平東路一段162號,,
SA106-0035,國立臺北科技大學,臺北市,大安區,民輝里,忠孝東路3 段1 號,大專校院,否,備用,否,否,否,是,是,否,民輝里、昌隆里、誠安里、義村里、仁愛里、光武里,378,378,1512,總務處,02-27712171#1300,總務處,02-27712171#1300,,臺北市大安區忠孝東路3 段1 號,臺北市大安區忠孝東路三段1號,,
SA106-0036,淡江大學學校財團法人淡江大學,臺北市,大安區,永康里,金華街 199 巷5 號,大專校院,否,備用,否,否,否,是,否,否,永康里,32,32,130,台北校園值班警衛及防火管理人,值班警衛台：02-2621-5656#8611,李翔竣,02-2621-5656#8606,,臺北市大安區金華街 199 巷5 號,臺北市大安區金華街199巷5號,,
SA106-0037,國立臺灣大學,臺北市,大安區,學府里,羅斯福路4 段1 號,大專校院,否,備用,否,否,否,是,是,否,學府里、大學里、虎嘯里、臥龍里、龍淵里、龍門里、龍坡里,601,601,3009,體育室場地設備組吳明翰組長,02-33665959#260,體育室連玉輝主任,02-33665959#291,,臺北市大安區羅斯福路4 段1 號,臺北市大安區羅斯福路四段1號,,
SA106-0038,臺北市和平實驗國民小學,臺北市,大安區,臥龍里,敦南街76巷28號,學校,否,備用,否,否,否,是,是,否,臥龍里、虎嘯里、龍淵里、芳和里、學府里、芳和里、黎元里,7418,7418,10682.51,羅主任,02-27335900#1108,黃校長,02-27335900#2301,與體育局管轄和平籃球館為相同地下室,臺北市大安區敦南街76巷28號,臺北市大安區敦南街76巷28號,,
SA108-0001,臺北市立龍山國民中學,臺北市,萬華區,富福里,南寧路46號,學校,是,備用,否,否,是,是,是,否,仁德里、西門里、新起里、福音里、富福里、富民里、菜園里、青山里,111,111,1060,楊炳煌,02-23362789#500,江幸真,02-23362789#100,,臺北市萬華區南寧路46號,臺北市萬華區南寧路46號,,
SA108-0002,臺北市萬華區雙園國民小學,臺北市,萬華區,雙園里,莒光路315號,學校,是,備用,否,否,是,是,是,否,雙園里、頂碩里,123,548,810,李映綺,02-23061893#131,陳顯榮,02-23061893#220,,臺北市萬華區莒光路315號,臺北市萬華區莒光路315號,,
SA108-0003,臺北市萬華區新和國民小學,臺北市,萬華區,新安里,西藏路125巷31號,學校,否,是,否,否,否,是,是,否,新忠里、日祥里、新安里、新和里、忠貞里、凌霄里、騰雲里,79,79,600,黎紹誠,02-23038298#1401,陳弘偉,02-23038298#1100,,臺北市萬華區西藏路125巷31號,臺北市萬華區西藏路125巷31號,,
SA108-0004,青年公園,臺北市,萬華區,騰雲里,水源路199號,公園/綠地,是,是,否,否,否,是,否,是,全區,31449,31449,246958,趙子瑩,02-23032451,陳煌耀,02-23032451,,臺北市萬華區水源路199號,臺北市萬華區水源路199號,,
SA108-0005,臺北市萬華運動中心,臺北市,萬華區,福星里,西寧南路6之1號,體育場館/運動中心,否,備用,否,否,是,否,是,否,福星里、萬壽里、西門里,226,1079,8584,賴威志,02-23759900#608,顏凡涵,02-2570-2330#6428,,臺北市萬華區西寧南路6之1號,臺北市萬華區西寧南路6之1號,,
SA108-0006,青年公園棒球場,臺北市,萬華區,騰雲里,水源路199號,體育場館/運動中心,是,備用,否,否,是,否,否,是,全區,50,50,200.82,陳奕廷,(02)25702330#5477,陳奕廷,(02)25702330#5477,,臺北市萬華區水源路199號,臺北市萬華區水源路199號,,
SA108-0007,臺北市立大理高級中學,臺北市,萬華區,綠堤里,長順街２號,學校,是,備用,否,否,是,是,是,否,柳鄉里、華江里、綠堤里、糖廍里、菜園里、青山里,300,794,1820,張麗儀,02-23026959#142,陳政翊,02-23026959#111,,臺北市萬華區長順街２號,臺北市萬華區長順街2號,,
SA108-0008,臺北市萬華區大理國民小學,臺北市,萬華區,綠堤里,艋舺大道389號,學校,否,備用,否,否,是,否,是,否,糖部里、綠堤里、和德里、和平里,50,642,200,曾韻靜,02-23064311#1400,楊聖哲,02-23064311#1100,,臺北市萬華區艋舺大道389號,臺北市萬華區艋舺大道389號,,
SA108-0009,臺北市萬華區老松國民小學,臺北市,萬華區,福音里,桂林路64號,學校,是,備用,否,否,是,是,是,否,福音里、仁德里、菜園里、新起里、富民里、富福里,231,707,924,周明毅,02-23361266#130,黎季昊,02-23361266#100,,臺北市萬華區桂林路64號,臺北市萬華區桂林路64號,,
SA108-0010,臺北市萬華區西門國民小學,臺北市,萬華區,西門里,成都路98號,學校,是,備用,否,否,是,是,是,否,西門里、萬壽里、菜園里、新起里,149,1133,688,古文勝,02-23113519#1131,陳治遠,02-23113519#1202,,臺北市萬華區成都路98號,臺北市萬華區成都路98號,,
SA108-0011,臺北市萬華區西園國民小學,臺北市,萬華區,日善里,東園街73巷65號,學校,否,備用,否,否,是,是,是,否,日善里、忠德里、錦德里、孝德里、全德里,203,792,812,蔡文欽,02-23030257#125,張勝順,02-23030257#666,,臺北市萬華區東園街73巷65號,臺北市萬華區東園街73巷65號,,
SA108-0012,臺北市立華江高級中學,臺北市,萬華區,日善里,西藏路213號,學校,是,備用,否,否,是,是,是,否,日善里、忠德里,300,1358,1824,張瑋哲,02-23019946#141,張鳴鳳,02-23019946#101,,臺北市萬華區西藏路213號,臺北市萬華區西藏路213號,,
SA108-0013,臺北市萬華區華江國民小學,臺北市,萬華區,華江里,環河南路二段250巷42弄2號,學校,是,備用,否,否,是,是,是,否,華江里,107,640,1063.25,莊琬婷,02-23064352#130,紀力仁,02-23064352#100,,臺北市萬華區環河南路二段250巷42弄2號,臺北市萬華區環河南路二段250巷42弄2號,,
SA108-0014,臺北市萬華區萬大國民小學,臺北市,萬華區,全德里,萬大路346號,學校,是,備用,否,否,是,是,是,否,壽德里、興德里、全德里、忠貞里、日祥里、騰雲里、凌雲里,60,833,660,朱玫勳,02-23037654#312,吳建億,02-23037654#168,,臺北市萬華區萬大路346號,臺北市萬華區萬大路346號,,
SA108-0015,臺北市立萬華國民中學,臺北市,萬華區,日善里,西藏路201號,學校,是,備用,否,否,是,是,是,否,壽德里、忠德里、保德里、興德里、日善里、全德里、頂碩里、新忠里、新安里、忠貞里、日祥里、雙園里、新和里、日祥里、華中里,50,1594,1350,王曉玲,02-23394567#130,洪志成,02-23394567#168,,臺北市萬華區西藏路201號,臺北市萬華區西藏路201號,,
SA108-0016,臺北市萬華區福星國民小學,臺北市,萬華區,福星里,中華路一段66號,學校,否,備用,否,否,是,是,是,否,福星里、萬壽里,50,1054,500,王曉音,02-23144668#131,黃耀農,02-23144668#888,,臺北市萬華區中華路一段66號,臺北市萬華區中華路一段66號,,
SA108-0017,臺北市萬華區龍山國民小學,臺北市,萬華區,青山里,和平西路三段235號,學校,是,備用,否,否,是,是,是,否,青山里、柳鄉里、菜園里、富福里、糖部里,150,533,941,蘇乙峰,02-23082977#730,陳培章,02-23082977#700,,臺北市萬華區和平西路三段235號,臺北市萬華區和平西路三段235號,,
SA108-0018,臺北市立雙園國民中學,臺北市,萬華區,和德里,興義街二號,學校,否,備用,否,否,是,是,是,否,孝德里、銘德里、和德里、錦德里、和平里、榮德里、華中里、頂碩里、新忠里、新安里、忠貞里、雙園里、新和里，日祥里,210,548,840,章譽鐘,02-23030827#140,白玉鈴,02-23030827#101,,臺北市萬華區興義街二號,臺北市萬華區興義街2號,,
SA108-0019,臺北市市場處臺北市家禽批發市場,臺北市,萬華區,華江里,環河南路二段338號,市場/停車場,是,否,否,否,否,是,是,否,全區,1528,1528,"6,115.41",市場處批發科廖華恩,02-2550-5220#2215,畜產公司楊靜宇,02-2305-5115#21,,臺北市萬華區環河南路二段338號,臺北市萬華區環河南路二段338號,,
SA108-0021,臺北市市場處西寧市場地下停車場(115年下半年後暫停用),臺北市,萬華區,福星里,西寧南路4號B1,市場/停車場,否,否,否,否,否,是,是,否,全區,505,505,"9,216",市場處市場科范佳揚,02-25505220#2138,市場處市場科湯順明,02-2550-5220#2104,預計115年下半年將進行拆除作業。(萬華區公所),臺北市萬華區西寧南路4號B1,臺北市萬華區西寧南路4號,,
SA108-0022,臺北市立圖書館西園分館,臺北市,萬華區,頂碩里,興寧街6號3-6樓,圖書館,是,否,否,否,是,是,是,否,全區,40,45,322,分館主任：曾湘惠,02-23069046,分館主任：曾湘惠,02-23069046,,臺北市萬華區興寧街6號3-6樓,臺北市萬華區興寧街6號,,
SA108-0023,臺北市立圖書館萬華分館,臺北市,萬華區,日善里,東園街19號5-7樓,圖書館,是,否,否,否,是,是,是,否,全區,30,30,611,分館主任：曾湘惠,02-23391056,分館主任：曾湘惠,02-23391056,,臺北市萬華區東園街19號5-7樓,臺北市萬華區東園街19號,,
SA108-0024,臺北市市場處龍山寺地下街,臺北市,萬華區,糖廍里,西園路一段145號B2,市場/停車場,是(備用),否,否,否,否,是,是,否,全區,1663,1663,6655.7,市場處輔導科吳駿永,02-25505220#5007,市場處輔導科蔡亞如,02-25505220#5002,,臺北市萬華區西園路一段145號B2,臺北市萬華區西園路一段145號,,
SA108-0025,臺北市市場處環南中繼市場停車場,臺北市,萬華區,綠堤里,環河南路二段338號4樓-5樓,市場/停車場,是,否,否,否,否,是,是,否,全區,7951,7951,"203,965",市場處市場科李欣儒,02-2550-5220#2112,市場處市場科湯順明,02-2550-5220#2104,,臺北市萬華區環河南路二段338號4樓-5樓,臺北市萬華區環河南路二段338號,,
SA108-0026,臺北市萬華區東園國民小學,臺北市,萬華區,全德里,東園街195號,學校,否,備用,否,否,否,是,是,否,保德里、全德里、壽德里、日祥里、興德里、華中里、榮德里、銘德里、孝德里,100,100,630,謝寶玉,2-23034803#1501,張鍾榮,2-23034803#1101,,臺北市萬華區東園街195號,臺北市萬華區東園街195號,,
SA110-0001,臺北市信義區博愛國民小學,臺北市,信義區,安康里,松仁路95巷20號,學校,否,是,老舊聚落,否,是,是,是,否,安康里、松友里、廣居里、國業里、富台里,156,1363,1254.52,許柏雄,02-23450616#400,陳順和,02-23450677,,臺北市信義區松仁路95巷20號,臺北市信義區松仁路95巷20號,,
SA110-0002,臺北市信義區吳興國民小學,臺北市,信義區,三張里,松仁路226號,學校,是,備用,老舊聚落,否,是,是,是,否,三張里、三犁里、惠安里、六合里、泰和里、雙和里、黎安里、黎忠里,141,820,564,辛佩儒,02-27200226#50,陳靜宜,02-27200226#10,,臺北市信義區松仁路226號,臺北市信義區松仁路226號,,
SA110-0003,臺北市立信義國民中學,臺北市,信義區,三張里,松仁路158巷1號,學校,否,備用,老舊聚落,否,是,是,是,否,雙和里、泰和里、六合里、惠安里、嘉興里、中興里、景新里、景勤里、三張里、三犁里、景聯里、黎順里、黎安里、黎忠里、松友里,206,871,824,呂忠信,02-27236771#511,劉文鴻,02-27236771#101,,臺北市信義區松仁路158巷1號,臺北市信義區松仁路158巷1號,,
SA110-0004,臺北市立興雅國民中學,臺北市,信義區,安康里,松德路168巷15號,學校,否,是,老舊聚落,否,是,是,是,否,敦厚里、六藝里、興雅里、興隆里、新仁里、安康里、富台里、松友里、國業里、廣居里、松隆里、西村里,251,962,1005,謝永振,02-27232771#500,余志呈,02-27232771#100,,臺北市信義區松德路168巷15號,臺北市信義區松德路168巷15號,,
SA110-0005,臺北市信義區信義國民小學,臺北市,信義區,景新里,松勤街60號,學校,否,備用,老舊聚落,否,是,是,是,否,景勤里、三張里、景新里、雙和里、三犁里、黎安里、黎忠里、六合里,150,735,600,蕭豫奇,02-27204005#831,李淑芳,02-27204005#891,,臺北市信義區松勤街60號,臺北市信義區松勤街60號,,
SA110-0006,松德公園,臺北市,信義區,安康里,松德路180巷興雅國中東側,公園/綠地,否,是,否,否,否,是,否,是,全區,1340,1340,10767,高奕翔,02-27884255,黃子典,02-27884255,,臺北市信義區松德路180巷興雅國中東側,臺北市信義區松德公園,,
SA110-0007,臺北市信義運動中心,臺北市,信義區,三張里,松勤路100號,體育場館/運動中心,否,備用,否,否,是,否,是,否,三張里、景新里、安康里、三犁里、西村里,200,362,1055.52,徐苡芹,02-8786-1911#321,鄭力瑋,02-2570-2330#6907,,臺北市信義區松勤路100號,臺北市信義區松勤路100號,,
SA110-0008,臺北市信義區三興國民小學,臺北市,信義區,景聯里,基隆路2段99號,學校,是,備用,否,否,是,否,是,否,中興里、嘉興里、景聯里、黎順里、景勤里、黎忠里、黎平里,77,793,1104.66,戎家盛,02-27364687#150,李莉莉,02-27364687#100,,臺北市信義區基隆路2段99號,臺北市信義區基隆路二段99號,,
SA110-0009,臺北市信義區雙永國民小學,臺北市,信義區,永春里,松山路287巷5號,學校,否,備用,否,否,是,是,是,否,松光里、大道里、大仁里、永春里,116,116,620,張偉峰,02-87858111#1700,楊政修,02-87858111#1100,,臺北市信義區松山路287巷5號,臺北市信義區松山路287巷5號,,
SA110-0010,臺北市立永吉國民中學,臺北市,信義區,四育里,松隆路161號,學校,否,備用,否,否,是,是,是,否,四育里、四維里、五常里、永吉里、永春里、雅祥里、五全里、長春里,300,182,1349.29,林岳,02-27649066#120,謝丞韋,02-27649066#168,,臺北市信義區松隆路161號,臺北市信義區松隆路161號,,
SA110-0011,臺北市立永春高級中學,臺北市,信義區,松隆里,松山路654號,學校,否,備用,否,否,是,是,是,否,松隆里、大仁里、中坡里、松光里、國業里、松友里,145,867,580,呂慶書,02-27272983#500,林春煌,02-27272983#100,,臺北市信義區松山路654號,臺北市信義區松山路654號,,
SA110-0012,臺北市信義區雙永國民小學,臺北市,信義區,永春里,松山路287巷5號,學校,否,備用,否,否,否,是,是,否,永吉里、四育里、四維里、永春里、長春里、富台里、廣居里,115,115,改建後重新評估,張偉峰,02-87858111#1700,楊政修,02-87858111#1100,,臺北市信義區松山路287巷5號,臺北市信義區松山路287巷5號,,
SA110-0013,臺北市信義區光復國民小學,臺北市,信義區,興隆里,光復南路271號,學校,否,備用,否,否,是,是,是,否,中興里、新仁里、正和里、西村里、興隆里、華聲里、車層里、復盛里、光信里、正聲里,215,984,831,黃燕茹,02-27585076#830,修金莒,02-27585076#888,,臺北市信義區光復南路271號,臺北市信義區光復南路271號,,
SA110-0014,臺北市立松山高級工農職業學校,臺北市,信義區,廣居里,忠孝東路五段236巷15號,學校,否,備用,否,否,是,是,是,否,安康里、廣居里、國業里、富台里、長春里、興雅里,333,1108,1333,湯于毅,02-27226616#601,何杉友,02-27226616#101,,臺北市信義區忠孝東路五段236巷15號,臺北市信義區忠孝東路五段236巷15號,,
SA110-0015,臺北市立松山高級商業家事職業學校,臺北市,信義區,松隆里,松山路655號,學校,否,備用,否,否,是,是,是,否,松隆里、大仁里、中坡里、松光里、國業里、松友里,116,1506,1460.41,薛敏生,02-27261118#410,柳景沅,02-27261118#100,,臺北市信義區松山路655號,臺北市信義區松山路655號,,
SA110-0016,臺北市立松山高級中學,臺北市,信義區,新仁里,基隆路一段156號,學校,是,備用,否,否,是,是,是,否,新仁里、敦厚里、興雅里、興隆里,290,2357,1163,林育瑱,02-27535968#710,林昇茂,02-27535968#100,,臺北市信義區基隆路一段156號,臺北市信義區基隆路一段156號,,
SA110-0017,臺北市立瑠公國民中學,臺北市,信義區,中行里,福德街221巷15號,學校,否,備用,否,否,是,是,是,否,大道里、中坡里、中行里、大仁里、松光里、松隆里,100,690,1298.35,蘇清志,02-27261481#401,漫安琦,02-27261481#100,,臺北市信義區福德街221巷15號,臺北市信義區福德街221巷15號,,
SA110-0018,臺北市信義區福德國民小學,臺北市,信義區,中行里,福德街253號,學校,否,備用,否,否,是,是,是,否,中行里、中坡里、松隆里,105,810,420,陳泊宏,02-27277992#31,褚希雯,02-27277992#10,,臺北市信義區福德街253號,臺北市信義區福德街253號,,
SA110-0019,臺北市信義區興雅國民小學,臺北市,信義區,雅祥里,基隆路一段83巷9號,學校,否,備用,否,否,是,是,是,否,新仁里、敦厚里、興雅里、雅祥里、五全里、五常里、六藝里、四育里,198,805,3485.72,張曼薇,02-27618156#630,蔡宗良,02-27618156#610,,臺北市信義區基隆路一段83巷9號,臺北市信義區基隆路一段83巷9號,,
SA110-0021,景勤1號公園,臺北市,信義區,景勤里,吳興街220巷59弄旁(陸軍保養廠),公園/綠地,否,是,否,否,否,是,否,是,全區,942,942,11563,高奕翔,02-27884255,黃子典,02-27884255,,臺北市信義區吳興街220巷59弄旁(陸軍保養廠),臺北市信義區景勤1號公園,,
SA110-0022,景勤2號公園,臺北市,信義區,景勤里,信安街、吳興街220巷交口,公園/綠地,是,是,否,否,否,是,否,是,全區,1023,1023,11790,高奕翔,02-27884255,黃子典,02-27884255,,臺北市信義區信安街、吳興街220巷交口,臺北市信義區景勤2號公園,,
SA110-0023,三興市場大樓地下停車場,臺北市,信義區,景勤里,吳興街156巷6號B1、B2,市場/停車場,否,否,否,否,否,是,是,否,全區,472,472,1891.65,市場處市場輔導科趙錦秀,2550-5220#5016,市場處輔導科黃馨樺,02-2550-5220#5003,三興超市,臺北市信義區吳興街156巷6號B1、B2,臺北市信義區吳興街156巷6號,,
SA110-0024,市府轉運站,臺北市,信義區,興雅里,忠孝東路5段6號,捷運站體,否,否,否,否,否,是,是,否,全區,413,413,1653.75,防災中心,02-27221166#8119,陳國煇,02-27221166#8119,,臺北市信義區忠孝東路5段6號,臺北市信義區忠孝東路五段6號,,
SA110-0025,臺北市市場處全聯松山松興店地下二樓停車場,臺北市,信義區,興雅里,松隆路36號地下二樓,市場/停車場,是(備用),否,否,否,否,是,是,否,全區,87,87,349,市場處輔導科趙錦秀,02-25505220#5011,市場處輔導科黃馨樺,02-2550-5220#5003,松興超市,臺北市信義區松隆路36號地下二樓,臺北市信義區松隆路36號,,
SA110-0026,臺北市立圖書館六合分館,臺北市,信義區,六合里,松仁路240巷19號3-5樓,圖書館,是,否,否,否,是,是,是,否,全區,46,46,184,分館主任：張庭芳,02-27292485,分館主任：張庭芳,02-27292485,,臺北市信義區松仁路240巷19號3-5樓,臺北市信義區松仁路240巷19號,,
SA110-0027,臺北市立圖書館永春分館,臺北市,信義區,長春里,松山路294號3-4樓,圖書館,否,否,否,否,是,是,是,否,全區,72,72,306,分館主任：陳鈺青,02-27609730,分館主任：陳鈺青,02-27609730,,臺北市信義區松山路294號3-4樓,臺北市信義區松山路294號,,
SA110-0028,臺北大巨蛋體育館,臺北市,信義區,新仁里,忠孝東路四段515號,體育場館/運動中心,否,備用,否,否,否,是,是,否,全區,1000,3400,17214,溫士豪,02-27228811#3103,廖克權,02-27228811#3100,"分段開放收容，第一階段開放1,000人，第二階段追加開放 2,400人，共計3,400人",臺北市信義區忠孝東路四段515號,臺北市信義區忠孝東路四段515號,,
SA111-0001,臺北市士林區社子國民小學,臺北市,士林區,永倫里,延平北路六段308號,學校,是,備用,否,否,是,是,是,否,社子里、社園里、永倫里、福安里、社新里,160,2530,640,羅泰興,02-28122505#830,朱榮富,02-28122505#888,,臺北市士林區延平北路六段308號,臺北市士林區延平北路六段308號,,
SA111-0002,臺北市立至善國民中學,臺北市,士林區,臨溪里,至善路二段360號,學校,否,備用,老舊聚落,否,是,是,是,否,溪山里、翠山里、福林里、臨溪里、名山里、岩山里、福志里,157,392,630,方健諺,02-2841#1350#40,洪春金,02-2841#1350#10,,臺北市士林區至善路二段360號,臺北市士林區至善路二段360號,,
SA111-0003,臺北市士林區福林國民小學,臺北市,士林區,福志里,福志路75號,學校,否,是,否,否,是,是,是,否,福林里、福志里、舊佳里、臨溪里,168,168,674,曾蕙雯主任、張琮祐幹事,02-28316293#204、234,林麗惠代理校長,02-28316293#201,,臺北市士林區福志路75號,臺北市士林區福志路75號,,
SA111-0004,臺北市士林區士林國民小學,臺北市,士林區,福德里,大東路165號,學校,否,是,老舊聚落,否,是,是,是,否,仁勇里、義信里、福佳里、福林里、舊佳里、福德里,219,1274,876,楊國材,02-28812231#231,吳明郁,02-28821024,,臺北市士林區大東路165號,臺北市士林區大東路165號,,
SA111-0005,臺北市士林區陽明山國民小學,臺北市,士林區,新安里,仰德大道三段61號,學校,否,備用,是,否,是,是,是,否,永福里、公館里、新安里、陽明里、菁山里、芝山里,50,442,200,范姜群岳,02-28616366#131,梁志恒,02-28616366#101,,臺北市士林區仰德大道三段61號,臺北市士林區仰德大道三段61號,,
SA111-0006,臺北市溪山實驗國民小學,臺北市,士林區,溪山里,至善路三段199號,學校,否,備用,是,否,是,是,是,否,溪山里,26,155,105,蔡三陽,02-28411010#213,施春明,02-28411010#128,,臺北市士林區至善路三段199號,臺北市士林區至善路三段199號,,
SA111-0007,士林官邸公園,臺北市,士林區,福林里,福林路60號,公園/綠地,否,是,否,否,否,是,否,是,全區,1930,1930,129965,鄭嘉元,02-28812512,鄭嘉元,02-28812512,,臺北市士林區福林路60號,臺北市士林區福林路60號,,
SA111-0008,臺北市士林運動中心,臺北市,士林區,福德里,士商路1號,體育場館/運動中心,否,備用,否,否,是,否,是,否,福德里、仁勇里、義信里、福林里、福志里、舊佳里、福佳港、後港里、福中里、前港里、百齡里、承德里、福華里、明勝里,171,641,1362.53,陳祖榮,02-2880-6066#101,丁鳳儀,02-2570-2330#6467,,臺北市士林區士商路1號,臺北市士林區士商路1號,,
SA111-0009,臺北市市場處士東市場地下停車場,臺北市,士林區,三玉里,士東路100號,市場/停車場,否,否,否,否,否,是,是,否,全區,744,744,2979.79,市場處市場科許珺婷,02-2550-5220#2125,市場處市場科黃聖琳,02-2550-5220#2103,,臺北市士林區士東路100號,臺北市士林區士東路100號,,
SA111-0010,天母棒球場,臺北市,士林區,三玉里,忠誠路二段77號,體育場館/運動中心,是,備用,否,否,是,否,否,是,芝山里、岩山里、名山里、聖山里、東山里、忠誠里、德行里、德華里、蘭雅里、蘭興里、三玉里、天福里、天祿里、天壽里、天和里、天山里、天玉里、天母里,72,258,290,田佳泓,7755 1999#1654,金奐宇,02-2570-2330#6430,,臺北市士林區忠誠路二段77號,臺北市士林區忠誠路二段77號,,
SA111-0011,臺北市士林區三玉國民小學,臺北市,士林區,三玉里,天母東路116號,學校,否,備用,否,否,是,是,是,否,天和里、天山里、天福里、三玉里、東山里,782,208,14335,紀乃勳,02-28751369#730,詹瑞璟,02-28751369#700,,臺北市士林區天母東路116號,臺北市士林區天母東路116號,,
SA111-0012,臺北市士林區士東國民小學,臺北市,士林區,天祿里,中山北路六段392號,學校,是,備用,否,否,是,是,是,否,天祿里、三玉里、蘭雅里、天壽里、天福里,275,958,1118.77,李啓猷,02-28710064#241,江啓昱,02-28710064#111,,臺北市士林區中山北路六段392號,臺北市士林區中山北路六段392號,,
SA111-0013,臺北市立士林高級商業職業學校,臺北市,士林區,後港里,士商路150號,學校,否,備用,否,否,是,是,是,否,後港里、福佳里、福德里,54,1614,1644,鄭旭峰,02-28313114#401,余耀銘,02-28313114#101,,臺北市士林區士商路150號,臺北市士林區士商路150號,,
SA111-0014,臺北市立士林國民中學,臺北市,士林區,福德里,中正路345號,學校,否,備用,否,否,是,是,是,否,福佳里、福德里、舊佳里、福林里、福志里、義信里、仁勇里、社新里、社園里,39,426,1647,黃懷濬,02-88613411#500,胡智為,02-88613411#100,,臺北市士林區中正路345號,臺北市士林區中正路345號,,
SA111-0015,臺北市士林區天母國民小學,臺北市,士林區,天玉里,天玉街12號,學校,是,備用,否,否,是,是,是,否,天母里、天玉里、天山里、天壽里,323,1050,1600,許雅臻,02-28723336#9501,邱雅莉,02-28723336#9101,,臺北市士林區天玉街12號,臺北市士林區天玉街12號,,
SA111-0016,臺北市立天母國民中學,臺北市,士林區,三玉里,天母東路120號,學校,否,備用,否,否,是,是,是,否,天母里、天山里、天玉里、天福里、天和里、三玉里、天壽里、東山里、芝山里,99,1267,882,陳柏嵂,02-28754864#500,陳麗英,02-28754864#100,,臺北市士林區天母東路120號,臺北市士林區天母東路120號,,
SA111-0017,台北市士林區文昌國民小學,臺北市,士林區,德華里,文林路615巷20號,學校,是,備用,否,否,是,是,是,否,德華里、福佳里、德行里、蘭興里,140,631,610,陳佩雯,02-28365411#130,張伯謙,02-28365411#100,,臺北市士林區文林路615巷20號,臺北市士林區文林路615巷20號,,
SA111-0018,臺北市士林區平等國民小學,臺北市,士林區,平等里,平菁街101號,學校,否,備用,否,否,是,是,是,否,平等里,30,142,163,蘇明順,02-28610503#830,賴婷妤,02-28610503#207,,臺北市士林區平菁街101號,臺北市士林區平菁街101號,,
SA111-0019,臺北市士立百齡高級中學,臺北市,士林區,義信里,承德路四段177號,學校,是,備用,否,否,是,是,是,否,義信里、仁勇里、承德里、福華里、前港里、明勝里、百齡里、福中里,300,2166,1650,陳威勝,02-28831568#302,張盈霏,02-28831568#601,,臺北市士林區承德路四段177號,臺北市士林區承德路四段177號,,
SA111-0020,臺北市士林區百齡國民小學,臺北市,士林區,福中里,福港街205號,學校,否,備用,否,否,是,是,是,否,後港里、福中里、前港里、百齡里、福華里,270,802,1080,曹世群,02-28817683#850,張育成,02-28817683#801,,臺北市士林區福港街205號,臺北市士林區福港街205號,,
SA111-0021,臺北市士林區芝山國民小學,臺北市,士林區,芝山里,德行東路285號,學校,是,備用,否,否,是,是,是,否,芝山里、三玉里、東山里、臨溪里、岩山里、聖山里,75,903,315,吳正男,02-28316115#240,范如君,02-28316115#210,,臺北市士林區德行東路285號,臺北市士林區德行東路285號,,
SA111-0022,臺北市士林區雨農國民小學,臺北市,士林區,名山里,忠義街1號,學校,否,備用,否,否,是,是,是,否,忠誠里、名山里、聖山里、芝山里、臨溪里、岩山里,124,525,496,楊世昌,02-28329700#231,李三煌,02-28329700#111,,臺北市士林區忠義街1號,臺北市士林區忠義街1號,,
SA111-0023,臺北市士林區雨聲國民小學,臺北市,士林區,岩山里,至誠路一段62巷70號,學校,是,備用,否,否,是,是,是,否,芝山里、臨溪里、岩山里、名山里,30,185,146,周桂芳,02-28311004#231,黃冠達,02-28311004#201,,臺北市士林區至誠路一段62巷70號,臺北市士林區至誠路一段62巷70號,,
SA111-0024,臺北市立格致國民中學,臺北市,士林區,陽明里,仰德大道四段75號,學校,否,備用,否,否,是,否,是,否,公館里、平等里、永福里、菁山里、陽明里、新安里,58,207,234,李欣怡,02-28610079#107,詹馨怡,02-28610079#101,,臺北市士林區仰德大道四段75號,臺北市士林區仰德大道四段75號,,
SA111-0025,臺北市士林區富安國民小學,臺北市,士林區,富洲里,延平北路八段135號,學校,是,備用,否,否,是,是,是,否,富洲里、福安里,71,249,1560,張凱惠,02-28103192#631,卓家夙,02-28103192#661,,臺北市士林區延平北路八段135號,臺北市士林區延平北路八段135號,,
SA111-0026,臺北市立陽明高級中學,臺北市,士林區,後港里,中正路510號,學校,否,備用,否,否,是,是,是,否,社子里、後港里、葫蘆里、福順里、葫東里、富光里、社園里、社新里、福佳里,38,1754,154.31,張安莛,02-28316675#140,蔡哲銘,02-28316675#100,,臺北市士林區中正路510號,臺北市士林區中正路510號,,
SA111-0027,臺北市士林區葫蘆國民小學,臺北市,士林區,葫蘆里,環河北路三段95號,學校,否,備用,否,否,是,是,是,否,葫蘆里、葫東里、富光里、福順里、社新里、社子里,88,947,540,陳建華,02-28129586#831,蔡新淵,02-28129586#861,,臺北市士林區環河北路三段95號,臺北市士林區環河北路三段95號,,
SA111-0028,臺北市立福安國民中學,臺北市,士林區,福安里,延平北路七段250號,學校,是,備用,否,否,是,是,是,否,永倫里、福安里、富洲里、社子里、社新里、社園里,30,260,542,黃培培,02-28108766#140,施俞旭,02-28108766#100,,臺北市士林區延平北路七段250號,臺北市士林區延平北路七段250號,,
SA111-0029,臺北市士林區劍潭國民小學,臺北市,士林區,明勝里,通河街16號,學校,是,備用,否,否,是,是,是,否,承德里、明勝里、福華里,31,468,172.5,楊振昌,02-28855491#830,楊美惠,02-28855491#800,,臺北市士林區通河街16號,臺北市士林區通河街16號,,
SA111-0030,臺北市士林區雙溪國民小學小,臺北市,士林區,翠山里,中社路二段66號,學校,否,備用,否,否,是,是,是,否,翠山里、臨溪里,30,288,128,吳欣儒,02-28411038#25,廖大烱,02-28411038#37,,臺北市士林區中社路二段66號,臺北市士林區中社路二段66號,,
SA111-0031,臺北市士林區蘭雅國民小學,臺北市,士林區,蘭興里,磺溪街57號,學校,否,備用,否,否,是,是,是,否,蘭興里、蘭雅里、德行里、忠誠里,30,227,300,劉人豪,02-28366052#232,藍惠美,02-28366052#201,,臺北市士林區磺溪街57號,臺北市士林區磺溪街57號,,
SA111-0032,臺北市立蘭雅國民中學,臺北市,士林區,三玉里,忠誠路二段51號,學校,是,備用,否,否,是,是,是,否,三玉里、天祿里、聖山里、名山里、忠誠里、蘭雅里、蘭興里、德行里、德華里、天壽里、岩山里、東山里、芝山里,130,1019,1314.04,林億清,02-28329377#500,張幸愉,02-28329377#101,,臺北市士林區忠誠路二段51號,臺北市士林區忠誠路二段51號,,
SA111-0035,美崙公園,臺北市,士林區,福佳里,美崙街152巷,公園/綠地,否,是,否,否,否,是,否,是,福佳、舊佳、福德、義信、仁勇、福志、後港、德華、德行里,5233,5233,"60,288",黃子銘股長,02-28832130,陳彥材主任,02-28832130,,臺北市士林區美崙街152巷,臺北市士林區美崙公園,,
SA111-0036,前港公園,臺北市,士林區,前港里,華齡街與前港街交叉口(百齡國小對面),公園/綠地,是,是,否,否,否,是,否,是,後港、福中、前港、百齡、承德、福華、明勝里,3136,3136,"36,129",黃子銘股長,02-28832130,陳彥材主任,02-28832130,,臺北市士林區華齡街與前港街交叉口(百齡國小對面),臺北市士林區前港公園,,
SA111-0037,福林公園,臺北市,士林區,福林里,福林路2號(中山北路與福林路交叉口).,公園/綠地,是,是,否,否,否,是,否,是,福佳、舊佳、福德、義信、仁勇、福志、名山、聖山、岩山里,2284,2284,26316,鄭嘉元,02-28812512,鄭嘉元,02-28812512,,臺北市士林區福林路2號(中山北路與福林路交叉口).,臺北市士林區福林路2號,,
SA111-0038,忠誠公園,臺北市,士林區,名山里,中山北路六段與忠誠路一段交叉口,公園/綠地,否,是,否,否,否,否,否,是,岩山、名山、聖山、芝山、東山、忠誠、德行、德華、蘭雅、蘭興里,881,881,"10,149",黃子銘股長,02-28832130,陳彥材主任,02-28832130,,臺北市士林區中山北路六段與忠誠路一段交叉口,臺北市士林區忠誠公園,,
SA111-0039,天和公園,臺北市,士林區,天和里,天母東路69巷前,公園/綠地,是,是,否,否,否,否,否,是,三玉、天福、天祿、天壽、天和、天山、天玉、天母、東山里,234,234,936,黃子銘股長,02-28832130,陳彥材主任,02-28832130,,臺北市士林區天母東路69巷前,臺北市士林區天和公園,,
SA111-0040,社子公園,臺北市,士林區,社園里,永平街20巷11弄3號對面,公園/綠地,否,是,否,否,否,否,否,是,福順、富光、葫蘆、葫東、社子、社新、社園、永倫、福安、富洲里,874,874,"10,713",黃子銘股長,02-28832130,陳彥材主任,02-28832130,,臺北市士林區永平街20巷11弄3號對面,臺北市士林區永平街20巷11弄3號,,
SA111-0041,臺北市市場處士林市場地下停車場,臺北市,士林區,義信里,基河路101號,市場/停車場,否,否,否,否,否,是,是,否,全區,1325,1325,"5,300.82",市場處市場科賴得睿,02-2550-5220#2155,市場處市場科黃聖琳,02-2550-5220#2111,,臺北市士林區基河路101號,臺北市士林區基河路101號,,
SA111-0042,臺北市立圖書館天母分館,臺北市,士林區,天山里,中山北路七段154巷6號3、4樓,圖書館,否,否,否,否,是,是,是,否,全區,41,107,165,分館主任：鄒孟庭,02-28736203,分館主任：鄒孟庭,02-28736203,,臺北市士林區中山北路七段154巷6號3、4樓,臺北市士林區中山北路七段154巷6號,,
SA111-0043,臺北市立圖書館李科永紀念館,臺北市,士林區,福林里,中正路15號,圖書館,是,否,否,否,是,是,是,否,全區,46,559,204,分館主任：袁大鈺,02-28833453,分館主任：袁大鈺,02-28833453,,臺北市士林區中正路15號,臺北市士林區中正路15號,,
SA111-0044,臺北市立圖書館葫蘆堵分館,臺北市,士林區,福順里,延平北路五段136巷1號3-9樓,圖書館,否,否,否,否,是,是,是,否,全區,190,358,760,分館主任：葉奕辰,02-28126513,分館主任：葉奕辰,02-28126513,,臺北市士林區延平北路五段136巷1號3-9樓,臺北市士林區延平北路五段136巷1號,,
SA111-0045,臺北表演藝術中心,臺北市,士林區,義信里,劍潭路1號,藝術中心,否,否,否,否,是,是,是,否,前港里義信里,3077,2244,12309.67,楊秉叡經理,02-77563800#1766,楊秉叡經理,02-77563800#1766,,臺北市士林區劍潭路1號,臺北市士林區劍潭路1號,,
SA111-0046,銘傳大學,臺北市,士林區,福林里,中山北路五段250號,大專校院,否,備用,否,否,否,是,是,否,全區,260,260,1300,陳胤嘉,02-2882-4564轉2347,閻建政總務長,02-2882-4564轉2717,,臺北市士林區中山北路五段250號,臺北市士林區中山北路五段250號,,
SA112-0001,臺北市立新民國民中學,臺北市,北投區,林泉里,新民路10號,學校,否,是,老舊聚落,否,是,是,是,否,中心里、中和里、中庸里、秀山里、林泉里、泉源里、開明里、智仁里、大屯里、湖山里、湖田里、文化里、中央里,205,408,1727.18,徐為紘,02-28979001#500,陳怡雲,02-28979001#100,,臺北市北投區新民路10號,臺北市北投區新民路10號,,
SA112-0002,臺北市北投區逸仙國民小學,臺北市,北投區,中心里,新民路2號,學校,否,是,老舊聚落,否,是,是,是,否,中心里、林泉里、長安里、溫泉里、秀山里、中和里、稻香里、大屯里,166,1420,665,黃介宏,02-28914537#130,林千瑜,02-28914537#888,,臺北市北投區新民路2號,臺北市北投區新民路2號,,
SA112-0003,臺北市立桃源國民中學,臺北市,北投區,一德里,中央北路四段48號,學校,是,備用,否,否,是,是,是,否,一德里、桃源里、稻香里、豐年里、文化里,55,555,220,鄒優楊,02-28929633#241,陳昭薇,02-28929633#201,,臺北市北投區中央北路四段48號,臺北市北投區中央北路四段48號,,
SA112-0004,臺北市北投區北投國民小學,臺北市,北投區,長安里,中央北路一段73號,學校,是,備用,否,否,是,是,是,否,中央里、大同里、長安里、溫泉里、清江里、林泉里,195,1874,1300,謝運鵬,02-28912052#131,賴俊賢,02-28912052#161,,臺北市北投區中央北路一段73號,臺北市北投區中央北路一段73號,,
SA112-0005,復興公園,臺北市,北投區,中心里,中和街200號,公園/綠地,否,是,否,否,否,是,否,是,全區,3623,3623,"14,495",黃子銘股長,02-28832130,陳彥材主任,02-28832130,,臺北市北投區中和街200號,臺北市北投區中和街200號,,
SA112-0006,北投區民活動中心(暫停用),臺北市,北投區,清江里,新市街30號6樓,活動中心,是,備用,否,否,否,是,是,否,清江里、八仙里、溫泉里、奇岩里,90,90,520,方恩斌,02-28912105#365,方恩斌,02-28912105#365,北投區公所:預計113年拆除，俟重建後規劃活動中心以提供收容量能。本府回復:同意暫時解除收容任務，俟重建後規劃活動中心以提供收容量能。,臺北市北投區新市街30號6樓,臺北市北投區新市街30號,,
SA112-0007,臺北市北投運動中心,臺北市,北投區,吉利里,石牌路一段39巷100號,體育場館/運動中心,是,備用,否,否,是,否,是,否,吉利里、吉慶里、尊賢里,384,1066,5057,楊子興,2820-2880#11,陳凱頻,02-2570-2330#6425,,臺北市北投區石牌路一段39巷100號,臺北市北投區石牌路一段39巷100號,,
SA112-0008,臺北市北投區大屯國民小學,臺北市,北投區,大屯里,復興三路312號,學校,否,備用,否,否,是,否,是,否,大屯里,30,109,103,曾俊明,02-28914353#13,林世浩,02-28914353#10,,臺北市北投區復興三路312號,臺北市北投區復興三路312號,,
SA112-0009,臺北市立中正高級中學,臺北市,北投區,建民里,文林北路77號,學校,是,備用,否,否,是,是,是,否,建民里,109,1967,1444,王慧勳,02-28234811#500,許孝誠,02-28234811#100,,臺北市北投區文林北路77號,臺北市北投區文林北路77號,,
SA112-0010,臺北市北投區文化國民小學,臺北市,北投區,文化里,文化三路1號,學校,是,備用,否,否,是,是,是,否,文化里、智仁里、中庸里、豐年里、秀山里、中和里,47,841,189,林耕宇,02-28933828#6133,林瓊珠,02-28933828#6101,,臺北市北投區文化三路1號,臺北市北投區文化三路1號,,
SA112-0011,臺北市北投區文林國民小學,臺北市,北投區,建民里,文林北路155號,學校,是,備用,否,否,是,是,是,否,建民里、石牌里、文林里、洲美里,275,723,1100,潘毓仁,02-28234212#400,李孟柔,02-28234212#100,,臺北市北投區文林北路155號,臺北市北投區文林北路155號,,
SA112-0012,臺北市立北投國民中學,臺北市,北投區,溫泉里,溫泉路62號,學校,否,備用,否,否,是,是,是,否,清江里、溫泉里、長安里、大同里、奇岩里、中央里、八仙里、豐年里,337,802,1351.82,方素娥,02-28912091#400,陳玫良,02-28912091#100,,臺北市北投區溫泉路62號,臺北市北投區溫泉路62號,,
SA112-0013,臺北市北投區石牌國民小學(暫停用),臺北市,北投區,吉利里,致遠二路80號,學校,是,備用,否,否,否,是,是,否,吉利里、吉慶里、永明里、榮光里、福興里、振華里、東華里、立農里、立賢里、裕民里、尊賢里,180,180,930,郭士豪,02-28227484#331,詹益正,02-28227484#188,因校舍改建，自114年8月起迄120年8月底暫時解除收容任務,臺北市北投區致遠二路80號,臺北市北投區致遠二路80號,,
SA112-0014,臺北市立石牌國民中學,臺北市,北投區,吉利里,石牌路一段139號,學校,是,備用,否,否,是,是,是,否,東華里、永明里、吉利里、吉慶里、立農里、立賢里、尊賢里、八仙里、振華里、榮光里、永和里、福興里、永欣里,338,1847,1352,余智誠,02-28224682#1501,黃桐良,02-28224682#1101,,臺北市北投區石牌路一段139號,臺北市北投區石牌路一段139號,,
SA112-0015,臺北市北投區立農國民小學,臺北市,北投區,立農里,立農街一段250號,學校,是,備用,否,否,是,是,是,否,立賢里、立農里、八仙里、東華里、尊賢里,37,790,150,歐鎮羽,02-28210702#300,李惠怡,02-28210702#700,,臺北市北投區立農街一段250號,臺北市北投區立農街一段250號,,
SA112-0016,臺北市北投區明德國民小學,臺北市,北投區,榮華里,明德路190號,學校,否,備用,否,否,是,是,是,否,榮華里、裕民里、振華里,190,1395,760,王志豪,02-28229651#1300,朱榮富,02-28229651#1000,,臺北市北投區明德路190號,臺北市北投區明德路190號,,
SA112-0017,臺北市立明德國民中學,臺北市,北投區,建民里,明德路50號,學校,是,備用,否,否,是,是,是,否,石牌里、文林里、榮華里、建民里、裕民里、振華里、榮光里、永和里、福興里、永欣里,88,610,877.9,林詩芳,02-28232539#601,楊啓明,02-28232539#101,,臺北市北投區明德路50號,臺北市北投區明德路50號,,
SA112-0018,臺北市泉源實驗國民小學,臺北市,北投區,泉源里,東昇路34號,學校,否,備用,否,否,是,是,是,否,泉源里,33,137,132,彭彥勳,02-28951258#141,游鴻池,02-28951258#111,,臺北市北投區東昇路34號,臺北市北投區東昇路34號,,
SA112-0019,臺北市北投區桃源國民小學,臺北市,北投區,桃源里,中央北路三段40巷45號,學校,是,備用,否,否,是,是,是,否,桃源里、稻香里,30,337,101.25,柯秋溢,02-28941208#131,張鍾榮,02-28941208#101,,臺北市北投區中央北路三段40巷45號,臺北市北投區中央北路三段40巷45號,,
SA112-0020,台北市北投區清江國民小學,臺北市,北投區,奇岩里,公館路220號,學校,是,備用,否,否,是,是,是,否,奇岩里、八仙里、清江里,350,727,1443.18,甘孟平,02-28912764#300,林勝聰,02-28912764#111,,臺北市北投區公館路220號,臺北市北投區公館路220號,,
SA112-0021,臺北市立復興高級中學,臺北市,北投區,開明里,復興四路70號,學校,是,備用,否,否,是,是,是,否,大屯里、開明里,277,1786,1108.89,王琪盈,02-28914131#400,蔡明勳,02-28914131#100,,臺北市北投區復興四路70號,臺北市北投區復興四路70號,,
SA112-0022,臺北市北投區湖山國民小學,臺北市,北投區,湖山里,湖底路11號,學校,否,備用,否,否,是,是,是,否,湖山里、湖田里,30,132,109.38,張雅祺,02-28610148#130,蔡雅芬,02-28610148#170,,臺北市北投區湖底路11號,臺北市北投區湖底路11號,,
SA112-0023,臺北市湖田實驗國民小學,臺北市,北投區,湖田里,竹子湖路17之2號,學校,否,備用,否,否,是,是,是,否,湖田里,30,185,654,林昱慶,02-28616963#10,高志遠,02-28616963#12,,臺北市北投區竹子湖路17之2號,臺北市北投區竹子湖路17之2號,,
SA112-0024,臺北市北投區義方國民小學,臺北市,北投區,泉源里,珠海路155號,學校,否,備用,否,否,是,是,是,否,開明里、中庸里、大屯里、泉源里、中心里、林泉里,120,737,850,張家金,02-28917433#131,徐昀霖,02-28917433#101,,臺北市北投區珠海路155號,臺北市北投區珠海路155號,,
SA112-0025,臺北市北投區關渡國民小學,臺北市,北投區,一德里,中央北路四段581號,學校,是,備用,否,否,是,是,是,否,一德里、關渡里,36,1054,144.7,莊淑芬,02-28912847#831,翁世盟,02-28912847#888,,臺北市北投區中央北路四段581號,臺北市北投區中央北路四段581號,,
SA112-0026,臺北市立關渡國民中學,臺北市,北投區,關渡里,知行路212號,學校,是,備用,否,否,是,是,是,否,關渡里、八仙里、一德里,119,495,479.5,林玉華,02-28581770#500,楊秀文,02-28581770#100,,臺北市北投區知行路212號,臺北市北投區知行路212號,,
SA112-0027,國防大學復興崗校區(政治作戰學院),臺北市,北投區,文化里,中央北路二段70號,營區,是,備用,否,否,否,否,是,否,文化里、豐年里(僅寒暑假可安置),584,584,"3,483",黃賢助少校,02-28925125,潘是仁上校,02-28915275,,臺北市北投區中央北路二段70號,臺北市北投區中央北路二段70號,,
SA112-0028,北投一公園,臺北市,北投區,中心、林泉、長安、溫泉里,中山路、光明路所圍範圍,公園/綠地,否,是,否,否,否,否,否,是,全區,3015,3015,12063,黃子銘股長,02-28832130,陳彥材主任,02-28832130,,臺北市北投區中山路、光明路所圍範圍,臺北市北投區北投一公園,,
SA112-0029,北投二公園,臺北市,北投區,中心、林泉里,中山路5號附近,公園/綠地,否,是,否,否,否,否,否,是,林泉、中心、長安里,1083,1083,"12,480",黃子銘股長,02-28832130,陳彥材主任,02-28832130,,臺北市北投區中山路5號附近,臺北市北投區中山路5號,,
SA112-0030,大豐公園(暫停用),臺北市,北投區,清江、溫泉里,公館路13號旁,公園/綠地,是,是,否,否,否,是,否,是,清江、溫泉、奇岩、中央里,1075,1075,"12,391",黃子銘股長,02-28832130,陳彥材主任,02-28832130,目前公園作為北投臨時市場使用，俟回復公園使用後回任，暫時解除任務，本公園仍持續列管,臺北市北投區公館路13號旁,臺北市北投區公館路13號,,
SA112-0031,七星公園,臺北市,北投區,長安里,光明路、中山路交叉口(新北投捷運站南側),公園/綠地,否,是,否,否,否,否,否,是,全區,1046,1046,12056,黃子銘股長,02-28832130,陳彥材主任,02-28832130,,臺北市北投區光明路、中山路交叉口(新北投捷運站南側),臺北市北投區七星公園,,
SA112-0032,石牌公園,臺北市,北投區,吉利、尊賢里,石牌路1段39巷內,公園/綠地,是,是,否,否,否,否,否,是,吉利、吉慶、福興、尊賢、榮光,2047,2047,23582,黃子銘股長,02-28832130,陳彥材主任,02-28832130,,臺北市北投區石牌路1段39巷內,臺北市北投區石牌公園,,
SA112-0033,立農公園,臺北市,北投區,立農里,承德路7段、立農街1段22巷2弄旁,公園/綠地,是,是,否,否,否,否,否,是,立農、立賢、東華、八仙里,1547,1547,17822,黃子銘股長,02-28832130,陳彥材主任,02-28832130,,臺北市北投區承德路7段、立農街1段22巷2弄旁,臺北市北投區立農公園,,
SA112-0034,振興公園,臺北市,北投區,榮華里,天母西路、磺溪交叉口,公園/綠地,否,是,否,否,否,否,否,是,榮華、永和、永欣、裕民、永明、振華、建民、石牌、文林、洲美里,950,950,10950,黃子銘股長,02-28832130,陳彥材主任,02-28832130,,臺北市北投區天母西路、磺溪交叉口,臺北市北投區振興公園,,
SA112-0035,文化區民活動中心(暫停用),臺北市,北投區,文化里,文化三路3號4、5樓,活動中心,否,否,否,否,否,是,是,否,全區,57,57,231,陳正恒,02-28912105#221,陳正恒,02-28912105#221,北投區公所:建物管變予臺北市稅捐稽徵處，暫時解除收容任務俟文化區民活動中心轉址後回任收容所。本府回復:俟後續新建成文化居民活動中心後回任，同意暫時解除任務，本場所仍持續列管,臺北市北投區文化三路3號4、5樓,臺北市北投區文化三路3號,,
SA112-0036,臺北市立圖書館北投分館,臺北市,北投區,溫泉里,光明路251號,圖書館,否,否,否,否,是,是,是,否,全區,131,131,888,分館主任：劉南亭,02-28977682,分館主任：劉南亭,02-28977682,,臺北市北投區光明路251號,臺北市北投區光明路251號,,
SA112-0037,臺北市立圖書館石牌分館,臺北市,北投區,榮華里,明德路208巷5號3-10樓,圖書館,否,否,否,否,是,是,是,否,全區,196,197,883,分館主任：鍾淑芳,02-28239634,分館主任：陳家蓁,02-28239634,,臺北市北投區明德路208巷5號3-10樓,臺北市北投區明德路208巷5號,,
SA112-0038,臺北市立圖書館吉利分館,臺北市,北投區,立農里,立農街一段366號5-8樓,圖書館,否,否,否,否,是,是,是,否,全區,45,45,247,分館主任 賴坤玉,02-28201633,分館主任 賴坤玉,02-28201633,,臺北市北投區立農街一段366號5-8樓,臺北市北投區立農街一段366號,,
SA112-0039,臺北市立圖書館清江分館,臺北市,北投區,奇岩里,公館路198號3樓,圖書館,是,否,否,否,是,是,是,否,全區,175,175,804,分館主任：林惠敏,02-28960315,分館主任：林惠敏,02-28960315,,臺北市北投區公館路198號3樓,臺北市北投區公館路198號,,
SA112-0040,臺北市立圖書館稻香分館,臺北市,北投區,稻香里,稻香路81號7-9樓,圖書館,否,否,否,否,是,是,是,否,全區,114,134,457.08,分館主任 詹雅婷,02-28940662,分館主任 詹雅婷,02-28940662,,臺北市北投區稻香路81號7-9樓,臺北市北投區稻香路81號,,
SA112-0041,國立陽明交通大學,臺北市,北投區,東華里,立農街2段155號,大專校院,是,備用,否,否,否,是,是,否,東華里,140,140,700,黃俊澔,02-2826-7000#62062,鄭靜君組長,02-2826-7000#67188,,臺北市北投區立農街2段155號,臺北市北投區立農街二段155號,,
SA112-0042,馬偕學校財團法人馬偕醫護管理專科學校(暫停用),臺北市,北投區,關渡里,聖景路 92 號,大專校院,否,備用,否,否,否,是,是,是,全區,324,324,1621.9,梁慈雯,02-28584180#2212,李紋綜主任,02-28584180#2160,因校舍改建工程進行，本校已完成拆除部分老舊建築物（包含原指定為備援避難收容處所之體育館一樓）。經臺北市政府都市發展局 111 年 4 月 28 日以北市都授建字第 1113034620 號函同意解除該建築物列管。新建校舍（新建綜合大樓）暫訂於 115 年 12 月完工。,臺北市北投區聖景路 92 號,臺北市北投區聖景路92號,,
SA112-0043,城市學校財團法人臺北城市科技大學,臺北市,北投區,一德里,學園路2 號,大專校院,否,備用,否,否,否,是,是,否,全區,350,350,1400,林明良,02-28927154#3100,林子翔,02-28927154#8700,,臺北市北投區學園路2 號,臺北市北投區學園路2號,,
SA114-0001,臺北市內湖區麗山國民小學,臺北市,內湖區,麗山里,港華街100號,學校,是,備用,老舊聚落,否,是,是,是,否,港華里、港都里、麗山里、西康里,100,2070,608,李宜勳,02-26574158#511,王仁宏,02-26574158#211,,臺北市內湖區港華街100號,臺北市內湖區港華街100號,,
SA114-0002,臺北市內湖區碧湖國民小學,臺北市,內湖區,內湖里,金龍路100號,學校,否,備用,老舊聚落,否,是,是,是,否,金龍里、金瑞里、碧山里、內湖里、湖濱里、西康里,134,850,540,陳鴻義,02-27907161#151,張秀潔,02-27907161#181,,臺北市內湖區金龍路100號,臺北市內湖區金龍路100號,,
SA114-0003,臺北市內湖區麗湖國民小學,臺北市,內湖區,金湖里,金湖路363巷8號,學校,否,備用,否,否,是,是,是,否,金湖里、寶湖里、葫洲里,257,2200,1029,陳政宇,02-26343888#130,蔡素惠,02-26343888#100,,臺北市內湖區金湖路363巷8號,臺北市內湖區金湖路363巷8號,,
SA114-0004,臺北市內湖區大湖國民小學,臺北市,內湖區,大湖里,大湖山莊街170號,學校,否,是,否,否,是,是,是,否,大湖里、秀湖里、清白里、內溝里,166,1325,664,許舜杰,02-27915870#510,朱雅菁,02-27915870#100,,臺北市內湖區大湖山莊街170號,臺北市內湖區大湖山莊街170號,,
SA114-0005,臺北市內湖區康寧國民小學,臺北市,內湖區,清白里,星雲街121號,學校,否,是,老舊聚落,否,是,是,是,否,紫雲里、紫星里、清白里、紫陽里、西康里,157,1050,628,賴振弘,02-27901237#141,黃志成,02-27901237#118,,臺北市內湖區星雲街121號,臺北市內湖區星雲街121號,,
SA114-0006,大湖公園,臺北市,內湖區,秀湖里,成功路五段31號旁,公園/綠地,否,是,否,否,否,是,否,是,全區,2437,2437,"130,195",鍾明旭,02-26586601#207,林育正,02-26586601#201,,臺北市內湖區成功路五段31號旁,臺北市內湖區成功路五段31號,,
SA114-0007,內湖區行政大樓,臺北市,內湖區,湖興里,民權東路6段99號8樓,活動中心,是,備用,否,否,否,是,是,否,湖興里、湖元里,170,170,695,蘇宗業,02-27925828#320,蘇宗業,02-27925828#320,,臺北市內湖區民權東路6段99號8樓,臺北市內湖區民權東路六段99號,,
SA114-0008,臺北市內湖運動中心,臺北市,內湖區,港墘里,洲子街12號,體育場館/運動中心,是,備用,否,否,是,否,是,否,西康里、西安里、西湖里、港華里、港都里、港墘里、港富里,219,702,2194.11,湯淑文,02-2656-2869#221,楊子豪,02-2570-2330#6427,,臺北市內湖區洲子街12號,臺北市內湖區洲子街12號,,
SA114-0009,臺北市立內湖高級中學,臺北市,內湖區,紫陽里,文德路218號,學校,否,備用,否,否,是,是,是,否,紫陽里、瑞光里、瑞陽里,110,1350,1036,戈伯元,02-27977035#309,董家莒,02-27977035#666,,臺北市內湖區文德路218號,臺北市內湖區文德路218號,,
SA114-0010,臺北市內湖區內湖國民小學,臺北市,內湖區,港富里,內湖路二段41號,學校,否,備用,否,否,是,否,是,否,港墘里、港富里、瑞陽里、瑞光里、紫陽里、湖濱里,150,1199,1275,蔡文鴻,02-27998085#1311,朱怡珊,02-27998085#1001,,臺北市內湖區內湖路二段41號,臺北市內湖區內湖路二段41號,,
SA114-0011,臺北市立內湖高級工業職業學校,臺北市,內湖區,港墘里,內湖路一段520號,學校,是,備用,否,否,是,是,是,否,港墘里、港都里、麗山里,229,2035,918,陳銘智,02-26574874#121,林俊岳,02-26574874#301,,臺北市內湖區內湖路一段520號,臺北市內湖區內湖路一段520號,,
SA114-0012,臺北市立明湖國民中學,臺北市,內湖區,葫洲里,康寧路三段60號,學校,否,備用,否,否,是,是,是,否,五分里、安湖里、葫洲里、金湖里、康寧里、明湖里、蘆洲里、南湖里,251,1567,1509.6,邱琬珍,02-26320616#500,林正洲,02-26320616#100,,臺北市內湖區康寧路三段60號,臺北市內湖區康寧路三段60號,,
SA114-0013,臺北市立三民國民中學,臺北市,內湖區,湖興里,民權東路六段45號,學校,否,備用,否,否,是,是,是,否,行善里、週美里、石潭里、湖興里、湖元里、寶湖里、葫洲里、金湖里、康寧里、明湖里、蘆洲里、瑞光里,300,964,1234,張哲魁,02-27924772#400,洪偉盛,02-27924772#100,,臺北市內湖區民權東路六段45號,臺北市內湖區民權東路六段45號,,
SA114-0014,臺北市立東湖國民中學,臺北市,內湖區,樂康里,康樂街131號,學校,否,備用,否,否,是,是,是,否,樂康里、東湖里、內溝里、安泰里、五分里,138,1233,1376,侯玉芳,02-26330373#500,林凱瓊,02-26330373#100,,臺北市內湖區康樂街131號,臺北市內湖區康樂街131號,,
SA114-0015,臺北市內湖區東湖國民小學,臺北市,內湖區,東湖里,東湖路115號,學校,否,備用,否,否,是,是,是,否,樂康里、安泰里、東湖里、五分里、安湖里、內溝里,155,1726,840,陳喬楷,02-26339984#831,許進富,02-26339984#800,,臺北市內湖區東湖路115號,臺北市內湖區東湖路115號,,
SA114-0016,臺北市內湖區文湖國民小學,臺北市,內湖區,西康里,文湖街15號,學校,否,備用,否,否,是,是,是,否,西康里、西安里、北安里,54,564,1917.95,徐婉倩,02-26583515#6300,陳熔釧,02-26583515#6000,,臺北市內湖區文湖街15號,臺北市內湖區文湖街15號,,
SA114-0017,臺北市內湖區西湖國民小學,臺北市,內湖區,西湖里,環山路一段25號,學校,是,備用,否,否,是,是,是,否,西湖里、西康里、西安里、麗山里,76,591,850,葉世杰,02-27971267#151,李秋田,02-27971267#101,,臺北市內湖區環山路一段25號,臺北市內湖區環山路一段25號,,
SA114-0018,臺北市西湖實驗國民中學,臺北市,內湖區,西湖里,環山路一段27號,學校,是,備用,否,否,是,是,是,否,西湖里、西安里、西康里、港華里、麗山里、港墘里,106,336,1355,張文建,02-27991817#310,高毓璇,02-27991817#101,,臺北市內湖區環山路一段27號,臺北市內湖區環山路一段27號,,
SA114-0019,臺北市立內湖國民中學,臺北市,內湖區,紫陽里,陽光街1號,學校,否,備用,否,否,是,是,是,否,清白里、紫星里、紫雲里、紫陽里、內湖里、大湖里、碧山里、金龍里、內溝里、秀湖里、瑞陽里、瑞光里、湖濱里、寶湖里,267,1407,2216.2,彭昌隆,02-27900843#230,林志忠,02-27900843#200,,臺北市內湖區陽光街1號,臺北市內湖區陽光街1號,,
SA114-0020,臺北市內湖區明湖國民小學,臺北市,內湖區,明湖里,康寧路三段105號,學校,是,備用,否,否,是,是,是,否,安湖里、明湖里、康寧里、葫洲里、南湖里,137,1812,1100,吳立明,02-26323477#41,虞志長,02-26323477#71,,臺北市內湖區康寧路三段105號,臺北市內湖區康寧路三段105號,,
SA114-0021,臺北市內湖區南湖高級中學,臺北市,內湖區,南湖里,康寧路三段220號,學校,是,備用,否,否,是,是,是,否,五分里、南湖里、葫洲里、安湖里、康寧里,150,1050,600,劉乃元,02-26308889#111,吉佛慈,02-26308889#401,,臺北市內湖區康寧路三段220號,臺北市內湖區康寧路三段220號,,
SA114-0022,臺北市內湖區南湖國民小學,臺北市,內湖區,南湖里,康寧路三段200號,學校,否,備用,否,否,是,是,是,否,五分里、蘆洲里、南湖里、五分里,400,1542,1600,黃怡螢,02-26321296#140,匡秀蘭,02-26321296#100,,臺北市內湖區康寧路三段200號,臺北市內湖區康寧路三段200號,,
SA114-0023,臺北市內湖區新湖國民小學,臺北市,內湖區,湖興里,民權東路六段138號,學校,是,備用,否,否,是,是,是,否,湖興里、湖元里、石潭里、寶湖里、石潭里、紫陽里,48,989,192,王筱雯,02-27963721#120,郭添財,02-27963721#310,,臺北市內湖區民權東路六段138號,臺北市內湖區民權東路六段138號,,
SA114-0024,臺北市內湖區潭美國民小學,臺北市,內湖區,週美里,行善路179號,學校,否,備用,否,否,是,是,是,否,行善里、週美里、蘆洲里、石潭里、湖元里,192,1054,768,王志浩,02-27917334#231,方芳蘭,02-27917334#281,,臺北市內湖區行善路179號,臺北市內湖區行善路179號,,
SA114-0025,臺北市立麗山高級中學,臺北市,內湖區,港華里,環山路二段100號,學校,是,備用,否,否,是,是,是,否,港華里、湖濱里、港富里、港墘里、麗山里、西湖里,110,912,481,陳瑜真,02-26570435#404,陳汶靖,02-26570435#100,,臺北市內湖區環山路二段100號,臺北市內湖區環山路二段100號,,
SA114-0026,臺北市立麗山國民中學,臺北市,內湖區,港都里,內湖路一段629巷42號,學校,否,備用,否,否,是,是,是,否,港墘里、金瑞里、港富里、港都里、湖濱里、碧山里、瑞光里、麗山里、港華里,82,1186,826.45,邱淑敏,02-27991867#401,王福從,02-27991867#101,,臺北市內湖區內湖路一段629巷42號,臺北市內湖區內湖路一段629巷42號,,
SA114-0027,碧湖公園,臺北市,內湖區,湖濱里,"內湖路二段175號,國立台灣戲曲學院旁.",公園/綠地,否,是,否,否,否,是,否,是,全區,552,552,"131,749",鍾明旭,02-26586601#207,林育正,02-26586601#201,,"臺北市內湖區內湖路二段175號,國立台灣戲曲學院旁.",臺北市內湖區內湖路二段175號,,
SA114-0028,臺北市市場處臺北市花卉批發市場,臺北市,內湖區,湖元里,新湖三路28號,市場/停車場,否,否,否,否,否,是,否,是,全區,756,756,"8,429.75",市場處批發科朱品綸,02-2550-5220#2216,花卉公司 饒煥美,02-2790-9729#100,,臺北市內湖區新湖三路28號,臺北市內湖區新湖三路28號,,
SA114-0029,臺北市市場處西湖市場停車場,臺北市,內湖區,西湖里,內湖路1段285號,市場/停車場,是(備用),否,否,否,否,是,是,否,全區,3962,3962,"15,849",市場處市場科許舜傑,02-25505220#2117,市場處市場科黃聖琳,02-2550-5220#2111,,臺北市內湖區內湖路1段285號,臺北市內湖區內湖路一段285號,,
SA114-0030,西湖區民活動中心,臺北市,內湖區,西湖里,內湖路1段285號7樓,活動中心,是,否,否,否,是,是,是,否,西湖里,132,132,658,朱俊全,02-27925828#252,朱俊全,02-27925828#252,,臺北市內湖區內湖路1段285號7樓,臺北市內湖區內湖路一段285號,,
SA114-0031,港華區民活動中心,臺北市,內湖區,港華里,環山路二段68巷14號,活動中心,否,否,否,否,是,是,是,否,港華里,30,36,112,楊易兼,02-27925828#251,楊易兼,02-27925828#251,,臺北市內湖區環山路二段68巷14號,臺北市內湖區環山路二段68巷14號,,
SA114-0032,港墘區民活動中心,臺北市,內湖區,港墘里,內湖路一段552號,活動中心,否,否,否,否,是,是,是,否,港墘里,33,33,136,蔡昀竹,02-27925828#261,蔡昀竹,02-27925828#261,,臺北市內湖區內湖路一段552號,臺北市內湖區內湖路一段552號,,
SA114-0033,湖興區民活動中心,臺北市,內湖區,湖興里,成功路二段320巷19號3樓,活動中心,是,否,否,否,是,是,是,否,湖興里,123,82,579,陳姵宇,02-27925828#217,陳姵宇,02-27925828#217,,臺北市內湖區成功路二段320巷19號3樓,臺北市內湖區成功路二段320巷19號,,
SA114-0034,臺北市立圖書館內湖分館,臺北市,內湖區,湖興里,民權東路六段99號6樓,圖書館,是,否,否,否,是,是,是,否,全區,47,47,190,分館主任：林淑娟,02-27918772#9,分館主任：林淑娟,02-27918772#9,,臺北市內湖區民權東路六段99號6樓,臺北市內湖區民權東路六段99號,,
SA114-0035,臺北市立圖書館西中分館,臺北市,內湖區,西湖里,內湖路1段285巷66號1-2樓,圖書館,是,否,否,否,是,是,是,否,全區,86,68,347,分館主任：林盈潔,02-87515497,分館主任：林盈潔02-8751-5497,02-87515497,,臺北市內湖區內湖路1段285巷66號1-2樓,臺北市內湖區內湖路一段285巷66號,,
SA114-0036,臺北市立圖書館西湖分館,臺北市,內湖區,港墘里,內湖路一段594號,圖書館,否,否,否,否,是,是,是,否,全區,230,104,920,分館主任：方貝嘉,02-27973183,分館主任：方貝嘉,02-27973183,,臺北市內湖區內湖路一段594號,臺北市內湖區內湖路一段594號,,
SA114-0037,臺北市立圖書館東湖分館,臺北市,內湖區,五分里,臺北市內湖區五分街6號,圖書館,否,否,否,否,是,是,是,否,全區,577,358,2308,分館主任：秦知寧,02-26323378,分館主任：秦知寧,02-26323378,,臺北市內湖區臺北市內湖區五分街6號,臺北市內湖區臺北市內湖區五分街6號,,
SA114-0038,樂康區民活動中心,臺北市,內湖區,樂康里,康樂街150號6樓之一,活動中心,否,否,否,否,是,是,是,否,樂康里,100,100,403.3,鄭玉綢,02-27925828#370,鄭玉綢,02-27925828#370,,臺北市內湖區康樂街150號6樓之一,臺北市內湖區康樂街150號,,
SA115-0001,臺北市南港區舊莊國民小學,臺北市,南港區,舊莊里,舊莊街一段100號,學校,否,備用,老舊聚落,否,是,是,是,否,舊莊里、中研里、九如里、中南里,92,518,550,陳柏中,02-27821418#130,林淑菁,02-27821418#100,,臺北市南港區舊莊街一段100號,臺北市南港區舊莊街一段100號,,
SA115-0002,臺北市立育成高級中學,臺北市,南港區,南港里,重陽路366號,學校,否,備用,老舊聚落,否,是,是,是,否,南港里、東新里、東明里、重陽里、新光里、西新里、中南里、舊莊里,318,5631,1380,李健輝,02-26530475#551,曾文龍,02-26530475#501,,臺北市南港區重陽路366號,臺北市南港區重陽路366號,,
SA115-0003,臺北市立南港高級中學,臺北市,南港區,西新里,向陽路21號,學校,否,備用,老舊聚落,否,是,是,是,否,南港里、玉成里、合成里、西新里、東新里、東明里、新光里、重陽里、百福里、舊莊里,324,2109,3918,李嘉苓,02-27837863#241,黃郁博,02-27837863#211,,臺北市南港區向陽路21號,臺北市南港區向陽路21號,,
SA115-0004,臺北市南港區成德國民小學,臺北市,南港區,聯成里,東新街65號,學校,否,是,老舊聚落,否,是,是,是,否,萬福里、聯成里、合成里、百福里,225,702,901,錢熙瑤,02-27851376#151,連世傑,02-27851376#111,,臺北市南港區東新街65號,臺北市南港區東新街65號,,
SA115-0005,臺北市立成德國民中學,臺北市,南港區,成福里,東新街108巷23號,學校,否,備用,否,否,是,是,是,否,聯成里、合成里、成福里、萬福里、鴻福里、新光里、百福里,92,271,368,劉兆遠,02-26515636#401,謝扶成,02-26515636#101,,臺北市南港區東新街108巷23號,臺北市南港區東新街108巷23號,,
SA115-0006,南港公園,臺北市,南港區,成福里,東新街170-1號,公園/綠地,否,是,否,否,否,是,否,是,全區,8655,8655,34620,高奕翔,02-27884255,黃子典,02-27884255,,臺北市南港區東新街170-1號,臺北市南港區東新街170之1號,,
SA115-0007,臺北市南港運動中心,臺北市,南港區,合成里,玉成街69號,體育場館/運動中心,否,備用,否,否,是,否,是,否,合成里、玉成里、萬福里,240,633,1288,丁怡楓,02-2653-2279#231,劉伯瑜,02-2570-2330#6458,,臺北市南港區玉成街69號,臺北市南港區玉成街69號,,
SA115-0008,臺北市極限運動訓練中心,臺北市,南港區,中南里,忠孝東路七段382號,體育場館/運動中心,是,備用,否,否,是,否,是,否,中南里、新富里、新光里、南港里,50,60,599.77,羅威士,02-2579-1710,葉詩郁,02-2570-2330#6427,,臺北市南港區忠孝東路七段382號,臺北市南港區忠孝東路七段382號,,
SA115-0009,臺北市南港區玉成國民小學,臺北市,南港區,西新里,向陽路31號,學校,否,備用,否,否,是,否,是,否,西新里、東新里、玉成里、新光里、東明里、合成里、重陽里,30,37,150,邱騫慧,02-27836049#150,楊火順,02-27836049#110,,臺北市南港區向陽路31號,臺北市南港區向陽路31號,,
SA115-0010,臺北市南港區東新國民小學,臺北市,南港區,東新里,興南街62號,學校,否,備用,否,否,是,是,是,否,南港里、東新里、東明里、重陽里、重陽里,45,340,180,曾永在,02-27837577#1400,李家旭,02-27837577#1100,,臺北市南港區興南街62號,臺北市南港區興南街62號,,
SA115-0011,臺北市立南港高級工業職業學校,臺北市,南港區,南港里,興中路29號,學校,是,備用,否,否,是,是,是,否,南港里、東新里、東明里,160,1816,1597,何平芝,02-27825432#1506,蕭為康,02-27825432#1001,,臺北市南港區興中路29號,臺北市南港區興中路29號,,
SA115-0012,臺北市南港區南港國民小學,臺北市,南港區,三重里,惠民街67號,學校,是,備用,老舊聚落,否,是,是,是,否,南港里、中南里、三重里、新富里、中研里、九如里,50,1583,726.3025,卓燈賢,02-27834678#2301,張嘉芬,02-27834678#2801,,臺北市南港區惠民街67號,臺北市南港區惠民街67號,,
SA115-0013,臺北市南港區胡適國民小學,臺北市,南港區,中研里,舊莊街一段1號,學校,是,備用,否,否,是,是,是,否,中研里、九如里,225,2159,2254.88,徐鵬谷,02-27824949#930,楊智堅,02-27824949#980,,臺北市南港區舊莊街一段1號,臺北市南港區舊莊街一段1號,,
SA115-0014,臺北市立誠正國民中學,臺北市,南港區,新富里,富康街1巷24號,學校,否,備用,否,否,是,是,是,否,三重里、中南里、中研里、新富里、舊庄里、九如里,75,614,300,曾煥玲,02-27828094#1500,王儷芬,02-27828094#1111,,臺北市南港區富康街1巷24號,臺北市南港區富康街1巷24號,,
SA115-0015,臺北市南港區修德國民小學,臺北市,南港區,成福里,東新街118巷86號,學校,否,是,否,否,是,是,是,否,鴻福里、成福里、仁福里、新光里、百福里,95,768,3123.7084,謝家益,02-27880500#151,王玉,02-27880500#111,,臺北市南港區東新街118巷86號,臺北市南港區東新街118巷86號,,
SA115-0016,玉成公園,臺北市,南港區,鴻福里,中坡南路55號,公園/綠地,否,是,否,否,否,是,否,是,全區,3523,3523,40587,高奕翔,02-27884255,黃子典,02-27884255,,臺北市南港區中坡南路55號,臺北市南港區中坡南路55號,,
SA115-0017,臺北市市場處中研市場地下停車場,臺北市,南港區,中研里,研究院路二段70巷12號,市場/停車場,否,否,否,否,否,是,是,否,全區,100,100,400,市場處市場科林淑美,02-25505220#2144,市場處市場科湯順明,02-2550-5220#2104,,臺北市南港區研究院路二段70巷12號,臺北市南港區研究院路二段70巷12號,,
SA115-0018,南港展覽館站,臺北市,南港區,新富里,研究院路1段1號B1,捷運站體,否,否,否,否,否,是,是,否,全區,1091,1091,4364,臺北捷運公司值班站長,25505600#6182,臺北捷運公司值班站長,25505600#6182,,臺北市南港區研究院路1段1號B1,臺北市南港區研究院路一段1號,,
SA115-0019,南港轉運站西站,臺北市,南港區,中南里,忠孝東路7段359號,捷運站體,是,否,否,否,否,是,是,否,全區,269,269,1077.5,朱哲輝,02-27837415,朱哲輝,0953361856,,臺北市南港區忠孝東路7段359號,臺北市南港區忠孝東路七段359號,,
SA115-0020,臺北市立圖書館南港分館,臺北市,南港區,南港里,南港路一段350號,圖書館,否,否,否,否,是,是,是,否,全區,129,129,1565,分館主任：陳家蓁,02-27825232,分館主任：陳家蓁,02-27825232,,臺北市南港區南港路一段350號,臺北市南港區南港路一段350號,,
SA115-0021,臺北市立圖書館舊莊分館,臺北市,南港區,舊莊里,舊莊街一段91巷11號2-5樓,圖書館,否,否,否,否,是,是,是,否,全區,107,107,1268,分館主任：趙咏薇,02-27837212#9,分館主任：趙咏薇,02-27837212#9,,臺北市南港區舊莊街一段91巷11號2-5樓,臺北市南港區舊莊街一段91巷11號,,
SA115-0022,臺北流行音樂中心,臺北市,南港區,東明里,市民大道八段99號,藝術中心,否,否,否,否,是,是,是,否,東明里新光里,427,427,18483.35,蔡文斌經理,02-27886620#8411,蔡文斌經理,02-27886620#8411,,臺北市南港區市民大道八段99號,臺北市南港區市民大道八段99號,,
SA116-0001,臺北市立景興國民中學,臺北市,文山區,景華里,景興路46巷2號,學校,否,是,老舊聚落,否,是,是,是,否,萬祥里、萬有里、萬隆里、萬和里、興福里、景華里、景東里、興豐里、興安里、博嘉里,169,1130,676,蔡佩穎,02-29323794#130,蔡來淑,02-29323794#100,,臺北市文山區景興路46巷2號,臺北市文山區景興路46巷2號,,
SA116-0002,臺北市文山區萬興國民小學,臺北市,文山區,萬興里,秀明路二段114號,學校,是,備用,老舊聚落,否,是,是,是,否,萬興里、政大里、博嘉里,152,788,608,張寶元,02-29381721#130,蕭建嘉,02-29381721#190,,臺北市文山區秀明路二段114號,臺北市文山區秀明路二段114號,,
SA116-0003,臺北市文山區景興國民小學,臺北市,文山區,興安里,景華街150巷21號,學校,否,是,老舊聚落,否,是,是,是,否,興福里、景東里、景華里、興安里、博嘉里,158,1310,693,謝佳燕,02-29329439#730,陳素蘭,02-29329439#700,,臺北市文山區景華街150巷21號,臺北市文山區景華街150巷21號,,
SA116-0004,景華公園,臺北市,文山區,景華里,景興路與景華街交义口,公園/綠地,否,是,否,否,否,是,否,是,全區,1347,1347,16802,陳立炎,02-22300340,陳立炎,02-22300340,,臺北市文山區景興路與景華街交义口,臺北市文山區景華公園,,
SA116-0005,行政中心大禮堂,臺北市,文山區,木新里,木柵路三段220號10樓,活動中心,是,否,否,否,否,是,是,否,木新里、老泉里,60,60,658.69,黃偕文,02-29365522#323,黃偕文,02-29365522#323,,臺北市文山區木柵路三段220號10樓,臺北市文山區木柵路三段220號,,
SA116-0006,臺北市文山運動中心,臺北市,文山區,興得里,興隆路三段222號,體育場館/運動中心,是,備用,否,否,是,否,是,否,全區,189,801,1892.98,呂佳鴻,02-2230-8268#231,王家慶,02-2570-2330#6428,,臺北市文山區興隆路三段222號,臺北市文山區興隆路三段222號,,
SA116-0007,臺北市文山區力行國民小學,臺北市,文山區,樟腳里,木新路三段155巷7號,學校,否,備用,否,否,是,是,是,否,樟腳里、老泉里、樟新里、順興里、木新里、樟樹里,60,958,316.8,鄭博文,02-29363995轉821,徐家莆,02-29363995#859,,臺北市文山區木新路三段155巷7號,臺北市文山區木新路三段155巷7號,,
SA116-0008,臺北市立木柵高級工業職業學校,臺北市,文山區,博嘉里,木柵路四段77號,學校,是,備用,否,否,是,是,是,否,博嘉里、萬美里、萬芳里,169,1894,1633.85,許佑任,02-22300506#601,陳美保,02-22300506#101,,臺北市文山區木柵路四段77號,臺北市文山區木柵路四段77號,,
SA116-0009,臺北市文山區木柵國民小學,臺北市,文山區,木柵里,木柵路三段191號,學校,否,備用,否,否,是,是,是,否,木柵里、木新里、順興里、樟腳里、忠順里、博嘉里、萬芳里、萬美里、明義里,155,592,1552,游雅婷,02-29391234#630,彭惠儀,02-29391234#666,,臺北市文山區木柵路三段191號,臺北市文山區木柵路三段191號,,
SA116-0010,臺北市立木柵國民中學,臺北市,文山區,木柵里,木柵路三段102巷12號,學校,是,備用,否,否,是,是,是,否,木柵里、木新里、順興里、樟腳里、忠順里、博嘉里、萬芳里、萬美里、明義里,55,322,222,王國浩,02-29393031#600,柯淑惠,02-29393031#100,,臺北市文山區木柵路三段102巷12號,臺北市文山區木柵路三段102巷12號,,
SA116-0011,臺北市立北政國民中學,臺北市,文山區,指南里,指南路三段2巷14號,學校,否,備用,否,否,是,是,是,否,指南里、萬興里、政大里,30,394,202,陳友城,02-29393651#500,洪素眞,02-29393651#100,,臺北市文山區指南路三段2巷14號,臺北市文山區指南路三段2巷14號,,
SA116-0012,臺北市文山區永建國民小學,臺北市,文山區,華興里,木柵路一段311巷1號,學校,是,備用,否,否,是,是,是,否,試院里、華興里,175,896,1360,吳淑娟,02-29377199#131,林裕勝,02-29377199#100,,臺北市文山區木柵路一段311巷1號,臺北市文山區木柵路一段311巷1號,,
SA116-0013,臺北巿文山區志清國民小學,臺北市,文山區,景仁里,景福街21巷5號,學校,否,備用,否,否,是,是,是,否,景華里、景仁里、萬隆里、萬有里,66,492,268,蔡瓊華,02-29323875#541,張瑞庭,02-29323875#510,,臺北市文山區景福街21巷5號,臺北市文山區景福街21巷5號,,
SA116-0014,臺北巿文山區辛亥國民小學,臺北市,文山區,興昌里,辛亥路四段103號,學校,是,備用,否,否,是,是,是,否,興昌里、興光里、興泰里、萬美里,144,310,576,劉正湖,02-29357282#141,温博安,02-29339668,,臺北市文山區辛亥路四段103號,臺北市文山區辛亥路四段103號,,
SA116-0015,臺北巿文山區明道國民小學,臺北市,文山區,明義里,木柵路二段138巷61號,學校,否,備用,否,否,是,是,是,否,明義里、明興里、順興里、木柵里、忠順里、樟林里,238,1040,954.75,林孟玫,02-29392821#130,吳敏華,02-29392821#100,,臺北市文山區木柵路二段138巷61號,臺北市文山區木柵路二段138巷61號,,
SA116-0016,臺北市文山區武功國民小學,臺北市,文山區,萬祥里,興隆路一段68號,學校,否,備用,否,否,是,是,是,否,萬盛里、萬祥里、萬有里、興豐里、興豐里,310,671,1240,李佩純,02-29314360#131,白玉玲,02-29314360#168,,臺北市文山區興隆路一段68號,臺北市文山區興隆路一段68號,,
SA116-0017,臺北市指南實驗國民小學,臺北市,文山區,指南里,指南路三段38巷5-2號,學校,否,備用,否,否,是,是,是,否,指南里,30,138,62,蘇霈,02-29393546#501,游惠音,02-29393546#101,,臺北市文山區指南路三段38巷5-2號,臺北市文山區指南路三段38巷5之2號,,
SA116-0018,臺北市博嘉實驗國民小學,臺北市,文山區,博嘉里,木柵路四段159巷14-1號,學校,是,備用,否,否,是,是,是,否,博嘉里、萬興里,58,251,235.5,楊曉雯,02-22302585#130,洪慧瑄,02-22302585#100,,臺北市文山區木柵路四段159巷14-1號,臺北市文山區木柵路四段159巷14之1號,,
SA116-0019,臺北市立景美女子高級中學,臺北市,文山區,樟文里,木新路三段312號,學校,否,備用,否,否,是,是,是,否,樟林里、樟文里、樟樹里,300,1961,1407.33,張堂政,02-29368847#218,周寤竹,02-29368847#201,,臺北市文山區木新路三段312號,臺北市文山區木新路三段312號,,
SA116-0020,臺北市文山區景美國民小學,臺北市,文山區,景行里,景文街108號,學校,否,備用,否,否,是,是,是,否,景美里、景行里、景東里、試院里,770,355,152,徐謀康,02-29322151#130,康燕玉,02-29322151#100,,臺北市文山區景文街108號,臺北市文山區景文街108號,,
SA116-0021,臺北市立景美國民中學,臺北市,文山區,景華里,景中街27號,學校,是,備用,否,否,是,是,是,否,景美里、景行里、景仁里、景慶里、景東里、景華里、試院里,80,1004,690,王俊杰,02-89353130#501,許順興,02-89353130#101,,臺北市文山區景中街27號,臺北市文山區景中街27號,,
SA116-0022,臺北市文山區溪口國民小學,臺北市,文山區,景慶里,景福街225號,學校,是,備用,否,否,是,是,是,否,景慶里、景美里、景仁里,90,620,600,劉家森,02-29350955#715,張正霖,02-29350955#710,,臺北市文山區景福街225號,臺北市文山區景福街225號,,
SA116-0023,臺北市立萬芳高級中學,臺北市,文山區,興光里,興隆路三段115巷1號,學校,否,備用,否,否,是,是,是,否,興得里、興昌里、興光里、興家里、明興里、萬美里、萬芳里、博嘉里、明義里,131,2414,1300.06,楊謦鮫,02-22309585#500,李冠達,02-22309585#100,,臺北市文山區興隆路三段115巷1號,臺北市文山區興隆路三段115巷1號,,
SA116-0024,臺北市文山區萬芳國民小學,臺北市,文山區,萬芳里,萬和街1號,學校,否,備用,否,否,是,是,是,否,萬芳里、博嘉里、萬美里,135,746,600,李彩綢,02-22301232#831,陳幼君,02-22301232#861,,臺北市文山區萬和街1號,臺北市文山區萬和街1號,,
SA116-0025,臺北市立萬福國民小學,臺北市,文山區,萬年里,羅斯福五段170巷32號,學校,否,備用,否,否,是,是,是,否,萬年里、萬和里、萬隆里,32,450,130.00,李宜紋,02-29353123#131,林明助,02-29353123#101,,臺北市文山區羅斯福五段170巷32號,臺北市文山區羅斯福路五段170巷32號,,
SA116-0026,臺北市文山區實踐國民小學,臺北市,文山區,樟文里,忠順街一段4號,學校,否,備用,否,否,是,是,是,否,樟樹里、樟林里、樟文里,75,932,500,蘇瑋翔,02-29360725#140,林松金,02-29360725#110,,臺北市文山區忠順街一段4號,臺北市文山區忠順街一段4號,,
SA116-0027,臺北市立實踐國民中學,臺北市,文山區,樟林里,辛亥路七段67號,學校,否,備用,否,否,是,否,是,否,老泉里、華興里、試院里、樟林里、樟新里、樟腳里、樟文里、樟樹里、明義里,259,838,1039,黃朝楠,02-22362852#150,莊玫欣,02-22362852#111,,臺北市文山區辛亥路七段67號,臺北市文山區辛亥路七段67號,,
SA116-0028,臺北市文山區興華國民小學,臺北市,文山區,興光里,興隆路三段125巷6號,學校,否,備用,否,否,是,是,是,否,興家里、興得里、興光里,30,241,180,林佑達,02-22393070#130,陳慧儒,02-22393070#100,,臺北市文山區興隆路三段125巷6號,臺北市文山區興隆路三段125巷6號,,
SA116-0029,臺北市文山區興隆國民小學,臺北市,文山區,興旺里,福興路2號,學校,是,備用,否,否,是,是,是,否,興旺里、興泰里、興業里、興邦里、興得里,133,739,864,陳昭宇,02-29323131#511,李一聖,02-29323131#631,,臺北市文山區福興路2號,臺北市文山區福興路2號,,
SA116-0030,臺北市立興福國民中學,臺北市,文山區,興旺里,福興路80號,學校,否,備用,否,否,是,是,是,否,興旺里、興泰里、興業里、興安里、興邦里、景東里、興豐里、興福里、萬盛里、萬芳里、萬美里、博嘉里,209,395,837,林晋志,02-29322024#400,莊富西,02-29322024#100,,臺北市文山區福興路80號,臺北市文山區福興路80號,,
SA116-0031,臺北市文山區興德國民小學,臺北市,文山區,興邦里,興隆路二段235號,學校,是,備用,否,否,是,是,是,否,興豐里、興安里、興邦里、興豐里、興業里、興邦里、興旺里,30,140,135,黃衍添,02-29329431#37,陳毓卿,02-29329431#66,,臺北市文山區興隆路二段235號,臺北市文山區興隆路二段235號,,
SA116-0032,興隆公園,臺北市,文山區,興業里,興隆路二段154巷與仙岩路交叉口.,公園/綠地,是,是,否,否,否,是,否,是,全區,1290,1290,14862,陳立炎,02-22300340,陳立炎,02-22300340,,臺北市文山區興隆路二段154巷與仙岩路交叉口.,臺北市文山區興隆公園,,
SA116-0033,臺北市市場處木柵市場地下停車場,臺北市,文山區,木新里,保儀路13巷3號,市場/停車場,是(備用),否,否,否,否,是,是,否,全區,315,315,"1,263",市場處市場科林佳穎,02-25505220#2145,市場處市場科湯順明,02-2550-5220#2104,,臺北市文山區保儀路13巷3號,臺北市文山區保儀路13巷3號,,
SA116-0034,臺北市市場處木新市場地下停車場,臺北市,文山區,樟文里,木新路三段310巷4號,市場/停車場,否,否,否,否,否,是,是,否,全區,450,450,"1,800",市場處市場科林佳穎,02-25505220#2145,市場處市場科湯順明,02-2550-5220#2104,,臺北市文山區木新路三段310巷4號,臺北市文山區木新路三段310巷4號,,
SA116-0035,木新區民活動中心,臺北市,文山區,樟文里,木新路三段310巷4號2樓、2樓之1,活動中心,否,否,否,否,否,否,否,否,無,156,156,626.76,薛湘瀅,02-29365522#207,薛湘瀅,02-29365522#207,,臺北市文山區木新路三段310巷4號2樓、2樓之1,臺北市文山區木新路三段310巷4號,,
SA116-0036,永建區民活動中心,臺北市,文山區,華興里,木柵路一段177號3樓之1,活動中心,是,否,否,否,否,否,否,否,無,162,162,773.37,薛湘瀅,02-29365522#207,薛湘瀅,02-29365522#207,,臺北市文山區木柵路一段177號3樓之1,臺北市文山區木柵路一段177號,,
SA116-0037,忠順區民活動中心,臺北市,文山區,順興里,忠順街2段22號2樓,活動中心,否,否,否,備用,是,是,否,否,順興里,54,54,218.18,薛湘瀅,02-29365522#207,薛湘瀅,02-29365522#207,,臺北市文山區忠順街2段22號2樓,臺北市文山區忠順街二段22號,,
SA116-0038,景行區民活動中心,臺北市,文山區,景行里,羅斯福路六段393號6~9樓,活動中心,是,否,否,備用,是,是,是,否,景行里,49,49,794.56,王詩雲,02-29365522#204,王詩雲,02-29365522#204,,臺北市文山區羅斯福路六段393號6~9樓,臺北市文山區羅斯福路六段393號,,
SA116-0039,萬芳區民活動中心,臺北市,文山區,萬芳里,萬美街一段51號3樓,活動中心,否,否,否,備用,是,是,是,否,萬芳里,139,139,794.04,薛湘瀅,02-29365522#207,薛湘瀅,02-29365522#207,,臺北市文山區萬美街一段51號3樓,臺北市文山區萬美街一段51號,,
SA116-0040,萬福區民活動中心,臺北市,文山區,萬和里,萬隆街47之12號房屋地下層,活動中心,是,否,否,備用,是,是,是,否,萬和里,99,99,396.69,王詩雲,02-29365522#204,王詩雲,02-29365522#204,,臺北市文山區萬隆街47之12號房屋地下層,臺北市文山區萬隆街47之12號,,
SA116-0041,萬興區民活動中心,臺北市,文山區,萬興里,萬壽路27號7樓,活動中心,是,否,否,備用,是,是,是,否,萬興里,143,143,944.78,薛湘瀅,02-29365522#207,薛湘瀅,02-29365522#207,,臺北市文山區萬壽路27號7樓,臺北市文山區萬壽路27號,,
SA116-0042,樟新區民活動中心,臺北市,文山區,樟新里,一壽街22號9~10樓,活動中心,否,否,否,備用,是,是,是,否,樟新里,279,297,1442.1,薛湘瀅,02-29365522#207,薛湘瀅,02-29365522#207,,臺北市文山區一壽街22號9~10樓,臺北市文山區一壽街22號,,
SA116-0043,樟腳區民活動中心,臺北市,文山區,樟腳里,恆光街45號7F~8F,活動中心,否,否,否,備用,是,是,是,否,樟腳里,97,160,704.87,薛湘瀅,02-29365522#207,薛湘瀅,02-29365522#207,,臺北市文山區恆光街45號7F~8F,臺北市文山區恆光街45號,,
SA116-0044,興隆區民活動中心,臺北市,文山區,興福里,興隆路二段97號4樓,活動中心,否,否,否,備用,是,是,是,否,興福里,165,69,905,王詩雲,02-29365522#204,王詩雲,02-29365522#204,,臺北市文山區興隆路二段97號4樓,臺北市文山區興隆路二段97號,,
SA116-0045,博客停車場-政大場,臺北市,文山區,萬興里,萬壽路27號地下一至二樓,市場/停車場,否,否,否,否,否,是,是,否,全區,797,797,3190.04,市場處輔導科葉綺文,02-2550-5220#5016,市場處輔導科黃馨樺,02-2550-5220#5003,萬興超市,臺北市文山區萬壽路27號地下一至二樓,臺北市文山區萬壽路27號,,
SA116-0046,臺北市市場處萬和超市地下停車場,臺北市,文山區,萬和里,萬隆街47之12號地下1層,市場/停車場,是(備用),否,否,否,否,是,是,否,全區,183,183,735.61,市場處輔導科葉綺文,02-2550-5220#5016,市場處輔導科黃馨樺,02-2550-5220#5003,萬和超市,臺北市文山區萬隆街47之12號地下1層,臺北市文山區萬隆街47之12號,,
SA116-0047,臺北市立圖書館力行分館,臺北市,文山區,樟新里,一壽街22號5-8樓,圖書館,否,否,否,否,是,是,是,否,全區,157,157,789,分館主任：林佳穎,02-86612196,分館主任：林佳穎,02-86612196,,臺北市文山區一壽街22號5-8樓,臺北市文山區一壽街22號,,
SA116-0048,臺北市立圖書館文山分館,臺北市,文山區,興業里,興隆路二段160號7-9樓,圖書館,是,否,否,否,是,是,是,否,全區,145,145,740,分館主任：宋南靜,02-29315339#9,分館主任：宋南靜,02-29315339#9,,臺北市文山區興隆路二段160號7-9樓,臺北市文山區興隆路二段160號,,
SA116-0049,臺北市立圖書館木柵分館,臺北市,文山區,木新里,保儀路13巷3號3、4樓,圖書館,是,否,否,否,是,是,是,否,木柵里、木新里、順興里、樟腳里、忠順里、博嘉里、萬芳里、萬美里、明義里,118,118,1654.12,分館主任:林國慶,02-29397520,分館主任:林國慶,02-29397520,,臺北市文山區保儀路13巷3號3、4樓,臺北市文山區保儀路13巷3號,,
SA116-0050,臺北市立圖書館景美分館,臺北市,文山區,萬年里,羅斯福路五段176巷50號2-4樓,圖書館,否,否,否,否,是,是,是,否,全區,100,100,733,分館主任：張瑞娟,02-29328457,分館主任：張瑞娟,02-29328457,,臺北市文山區羅斯福路五段176巷50號2-4樓,臺北市文山區羅斯福路五段176巷50號,,
SA116-0051,臺北市立圖書館景新分館,臺北市,文山區,景行里,景後街151號5-10樓,圖書館,否,否,否,否,是,是,是,否,全區,256,256,1056,分館主任:黃婕瑜,02-29331244#9,分館主任:黃婕瑜,02-29331244#9,,臺北市文山區景後街151號5-10樓,臺北市文山區景後街151號,,
SA116-0052,臺北市立圖書館萬興分館,臺北市,文山區,萬興里,萬壽路27號4-5樓,圖書館,否,否,否,否,是,是,是,否,全區,160,160,664,分館主任：洪錦惠,02-23345501,分館主任：洪錦惠,02-23345501,,臺北市文山區萬壽路27號4-5樓,臺北市文山區萬壽路27號,,
SA116-0053,臺北市市場處興隆市場地下停車場,臺北市,文山區,興豐里,興隆路二段97號,市場/停車場,否,否,否,否,否,是,是,否,全區,439,439,"1,757",市場處市場科林佳穎,02-25505220#2145,市場處市場科湯順明,02-2550-5220#2104,,臺北市文山區興隆路二段97號,臺北市文山區興隆路二段97號,,
SA116-0054,興業區民活動中心,臺北市,文山區,興業里,興隆路二段160號10樓,活動中心,是,否,否,備用,是,是,是,否,興業里,220,220,1097.96,王詩雲,02-29365522#204,王詩雲,02-29365522#204,,臺北市文山區興隆路二段160號10樓,臺北市文山區興隆路二段160號,,
SA116-0055,興豐區民活動中心,臺北市,文山區,興豐里,興隆路二段95巷8號7~9樓,活動中心,否,否,否,備用,是,是,是,否,興豐里,64,64,558.99,王詩雲,02-29365522#204,王詩雲,02-29365522#204,,臺北市文山區興隆路二段95巷8號7~9樓,臺北市文山區興隆路二段95巷8號,,
SA116-0056,國立政治大學,臺北市,文山區,萬興里,指南路2段64號,大專校院,否,備用,否,否,否,是,是,否,萬興里,2497,2497,9989.39,蔡欣穎,02-29393091#62801,陳彥豪,02-29393091#62946,,臺北市文山區指南路2段64號,臺北市文山區指南路二段64號,,
SA116-0057,世新大學,臺北市,文山區,試院里,木柵路1 段 17 巷1 號,大專校院,否,備用,否,否,否,是,是,否,全區,248,248,1243,總務處環安組周錦松組長,02-22368225#82104,總務處環安組周錦松組長,02-22368225#82104,,臺北市文山區木柵路1 段 17 巷1 號,臺北市文山區木柵路一段17巷1號,,
