編號,定位用地址,經度,緯度
1,臺北市松山區撫遠街394之1號,,
2,臺北市松山區民生東路五段69巷3號,,
3,臺北市松山區富錦街515號,,
4,臺北市松山區延壽街3號,,
5,臺北市松山區三民路108之18號,,
6,臺北市松山區民生東路五段36巷4弄6號,,
7,臺北市松山區民生東路四段112巷7弄24號,,
8,臺北市松山區南京東路四段133巷8弄4號,,
9,臺北市松山區民權東路三段103巷5弄5號,,
10,臺北市松山區八德路四段245巷52弄23號,,
11,臺北市松山區南京東路五段250巷9之8號,,
12,臺北市松山區八德路三段99巷12之8號,,
13,臺北市松山區八德路三段158巷12號,,
14,臺北市松山區光復北路120巷16號,,
15,臺北市松山區敦化南路一段100巷5弄4號,,
16,臺北市松山區八德路三段12巷51弄30號,,
17,臺北市信義區忠孝東路五段492巷32號,,
18,臺北市信義區信義路五段150巷14弄6號,,
19,臺北市信義區虎林街70巷1號,,
20,臺北市信義區信義路六段76巷2弄22號,,
21,臺北市信義區忠孝東路五段372巷27弄75之1號,,
22,臺北市信義區永吉路180巷30號,,
23,臺北市信義區松仁路308巷60號,,
24,臺北市信義區崇德街15號,,
25,臺北市信義區永吉路187巷6弄6號,,
26,臺北市信義區忠孝東路五段790巷62弄4號,,
27,臺北市信義區嘉興街58號,,
28,臺北市信義區永吉路278巷1弄13號,,
29,臺北市信義區吳興街284巷24弄16號,,
30,臺北市信義區永吉路30巷102弄14號,,
31,臺北市信義區福德街127號,,
32,臺北市信義區富陽街55巷9號,,
33,臺北市信義區福德街268巷32號,,
34,臺北市信義區虎林街222巷15號,,
35,臺北市信義區松山路287巷3弄21號,,
36,臺北市信義區忠孝東路四段553巷22弄21號,,
37,臺北市信義區嘉興街175巷6號,,
38,臺北市信義區基隆路一段35巷7弄35號,,
39,臺北市信義區松隆路26號,,
40,臺北市信義區虎林街232巷55號,,
41,臺北市信義區基隆路一段350之23號,,
42,臺北市信義區忠孝東路五段423巷4弄22號,,
43,臺北市大安區復興南路一段295巷18號,,
44,臺北市大安區安東街28號,,
45,臺北市大安區敦化南路一段160巷20號,,
46,臺北市大安區和平東路一段199巷4之9號,,
47,臺北市大安區永康街47巷10之1號,,
48,臺北市大安區金華街199巷3弄6號,,
49,臺北市大安區信義路二段86巷26號,,
50,臺北市大安區杭州南路二段65巷10號,,
51,臺北市大安區杭州南路二段93巷1之1號,,
52,臺北市大安區建國南路二段25巷6號,,
53,臺北市大安區大安路二段160巷24號,,
54,臺北市大安區信義路四段30巷27弄23號,,
55,臺北市大安區通化街19巷19號,,
56,臺北市大安區通化街143巷33號,,
57,臺北市大安區通化街201號,,
58,臺北市大安區和平東路二段311巷43弄36號,,
59,臺北市大安區和平東路三段46之5號,,
60,臺北市大安區和平東路二段118巷2弄6號,,
61,臺北市大安區溫州街74巷2弄4號,,
62,臺北市大安區臥龍街267之10號,,
63,臺北市大安區富陽街111號,,
64,臺北市大安區信義路四段265巷21弄22號,,
65,臺北市大安區臥龍街187號,,
66,臺北市大安區復興南路二段355號,,
67,臺北市大安區和平東路三段119巷25號,,
68,臺北市大安區浦城街16巷2號,,
69,臺北市中山區林森北路133巷78號,,
70,臺北市中山區中山北路二段183巷9號,,
71,臺北市中山區雙城街18巷20號,,
72,臺北市中山區農安街125巷43號,,
73,臺北市中山區德惠街170巷19號,,
74,臺北市中山區民族東路410巷23弄18號,,
75,臺北市中山區合江街130巷17號,,
76,臺北市中山區松江路204巷65號,,
77,臺北市中山區伊通街125巷11之1號,,
78,臺北市中山區松江路259巷34號,,
79,臺北市中山區新生北路三段82巷32號,,
80,臺北市中山區新生北路二段133巷45號,,
81,臺北市中山區中山北路二段59巷18號,,
82,臺北市中山區中山北路二段137巷35號,,
83,臺北市中山區天祥路16巷12號,,
84,臺北市中山區興安街59號,,
85,臺北市中山區民權東路二段135巷20弄18號,,
86,臺北市中山區遼寧街45巷24號,,
87,臺北市中山區北安路573巷6號,,
88,臺北市中山區明水路389號,,
89,臺北市中正區金門街11之1號,,
90,臺北市中正區牯嶺街28之1號,,
91,臺北市中正區汀州路一段324號,,
92,臺北市中正區汀州路一段242巷17號,,
93,臺北市中正區水源路21號,,
94,臺北市中正區汀州路二段151號,,
95,臺北市中正區中華路二段303巷14號,,
96,臺北市中正區牯嶺街165號,,
97,臺北市中正區杭州南路一段77巷3號,,
98,臺北市中正區福州街59號,,
99,臺北市中正區仁愛路一段53號,,
100,臺北市中正區杭州南路一段131巷22號,,
101,臺北市中正區開封街一段105之2號,,
102,臺北市中正區中華路二段75巷11號,,
103,臺北市中正區重慶南路三段83巷3號,,
104,臺北市中正區金門街7之9號,,
105,臺北市大同區重慶北路一段83巷37號,,
106,臺北市大同區承德路一段79巷7號,,
107,臺北市大同區民樂街115號,,
108,臺北市大同區歸綏街126號,,
109,臺北市大同區迪化街一段312巷7號,,
110,臺北市大同區大龍街26號,,
111,臺北市大同區迪化街二段163號,,
112,臺北市大同區民族西路260號,,
113,臺北市大同區大龍街159巷18弄16號,,
114,臺北市大同區酒泉街164號,,
115,臺北市大同區哈密街158號,,
116,臺北市大同區重慶北路三段113巷30弄1號,,
117,臺北市大同區甘州街12號,,
118,臺北市大同區南京西路239巷31號,,
119,臺北市大同區太原路161巷4號,,
120,臺北市大同區民族西路169巷38號,,
121,臺北市大同區寧夏路131號,,
122,臺北市大同區景化街46號,,
123,臺北市大同區西寧北路11號,,
124,臺北市大同區重慶北路二段46巷6號,,
125,臺北市大同區伊寧街75巷4號,,
126,臺北市萬華區內江街55巷9號,,
127,臺北市萬華區貴陽街二段87號,,
128,臺北市萬華區內江街150號,,
129,臺北市萬華區華西街21巷9號,,
130,臺北市萬華區康定路160號,,
131,臺北市萬華區永福街77號,,
132,臺北市萬華區西寧南路192之2號,,
133,臺北市萬華區環河南路二段130巷12號,,
134,臺北市萬華區萬大路96號,,
135,臺北市萬華區大理街106號,,
136,臺北市萬華區艋舺大道362號,,
137,臺北市萬華區雙園街122巷14號,,
138,臺北市萬華區東園街66巷24弄1號,,
139,臺北市萬華區德昌街261巷16號,,
140,臺北市萬華區西園路二段372巷10號,,
141,臺北市萬華區寶興街80巷18號,,
142,臺北市萬華區德昌街21號,,
143,臺北市萬華區東園街140巷10號,,
144,臺北市萬華區長泰街219號,,
145,臺北市萬華區武成街80巷61號,,
146,臺北市萬華區長泰街45號,,
147,臺北市萬華區萬大路449巷28弄7號,,
148,臺北市萬華區萬大路534巷42號,,
149,臺北市萬華區西藏路125巷7號,,
150,臺北市萬華區中華路二段416巷13之1號,,
151,臺北市萬華區萬大路187巷1弄9號,,
152,臺北市萬華區萬青街115號,,
153,臺北市萬華區中華路二段504巷20號,,
154,臺北市萬華區國興路1巷2之4號,,
155,臺北市文山區景興路153巷1號,,
156,臺北市文山區景福街281號,,
157,臺北市文山區景福街21巷3弄11號,,
158,臺北市文山區景華街22巷16號,,
159,臺北市文山區興隆路一段238之1號,,
160,臺北市文山區萬隆街25號,,
161,臺北市文山區羅斯福路五段150巷35號,,
162,臺北市文山區興隆路三段181巷1弄7號,,
163,臺北市文山區興隆路三段223之2號,,
164,臺北市文山區福興路27號,,
165,臺北市文山區辛亥路四段252巷5號,,
166,臺北市文山區和興路5號,,
167,臺北市文山區木柵路一段264號,,
168,臺北市文山區木柵路二段7巷7號,,
169,臺北市文山區木柵路二段109巷25弄6號,,
170,臺北市文山區永安街22巷18號,,
171,臺北市文山區興隆路四段66巷32號,,
172,臺北市文山區木柵路四段157之1號,,
173,臺北市文山區秀明路二段112巷14號,,
174,臺北市文山區指南路三段38巷3號,,
175,臺北市文山區興隆路四段145巷30號,,
176,臺北市文山區萬美街二段2巷6號,,
177,臺北市文山區萬壽路63之2號,,
178,臺北市文山區木新路三段278巷7弄6號,,
179,臺北市文山區興隆路二段203巷2弄10號,,
180,臺北市文山區興隆路四段74巷22號,,
181,臺北市南港區忠孝東路六段70巷21弄8號,,
182,臺北市南港區南港路二段128號,,
183,臺北市南港區福德街337號,,
184,臺北市南港區東新街80巷9弄11號,,
185,臺北市南港區富康街25號,,
186,臺北市南港區忠孝東路七段585號,,
187,臺北市南港區重陽路504巷1弄9號,,
188,臺北市南港區昆陽街140巷42弄4號,,
189,臺北市南港區南港路三段314巷5號,,
190,臺北市南港區忠孝東路六段225巷1弄3號,,
191,臺北市南港區東新街77巷25號,,
192,臺北市南港區重陽路199巷24之2號,,
193,臺北市南港區研究院路二段2巷2號,,
194,臺北市南港區成福路84號,,
195,臺北市南港區興南街43號,,
196,臺北市內湖區內湖路一段61巷2號,,
197,臺北市內湖區內湖路一段91巷110號,,
198,臺北市內湖區麗山街47號,,
199,臺北市內湖區港華街51巷3弄1號,,
200,臺北市內湖區成功路三段187巷3弄4號,,
201,臺北市內湖區金龍路47巷20之1號,,
202,臺北市內湖區金龍路218號,,
203,臺北市內湖區康寧路一段228號,,
204,臺北市內湖區民權東路六段280巷60號,,
205,臺北市內湖區文德路210巷30弄27號,,
206,臺北市內湖區文德路66巷69弄9號,,
207,臺北市內湖區陽光街291號,,
208,臺北市內湖區安康路388號,,
209,臺北市內湖區康樂街72巷17弄63號,,
210,臺北市內湖區康樂街201巷8號,,
211,臺北市內湖區南京東路六段330巷18弄12號,,
212,臺北市內湖區成功路二段320巷25號,,
213,臺北市內湖區民權東路六段136巷48號,,
214,臺北市內湖區東湖路113巷95弄166號,,
215,臺北市內湖區成功路四段323巷16號,,
216,臺北市內湖區安泰街49巷1號,,
217,臺北市內湖區成功路五段71號,,
218,臺北市內湖區康寧路三段99巷39弄70號,,
219,臺北市內湖區康寧路三段99巷25號,,
220,臺北市內湖區安康路95號,,
221,臺北市內湖區內湖路一段411巷78號,,
222,臺北市內湖區民權東路六段208號,,
223,臺北市內湖區康寧路三段56巷130號,,
224,臺北市內湖區內湖路一段629巷39號,,
225,臺北市士林區福德路81巷14號,,
226,臺北市士林區大南路251巷18號,,
227,臺北市士林區福港街259巷13弄10號,,
228,臺北市士林區承德路四段58巷56弄1號,,
229,臺北市士林區延平北路五段136巷24號,,
230,臺北市士林區葫蘆街137號,,
231,臺北市士林區重慶北路四段215號,,
232,臺北市士林區社中街70號,,
233,臺北市士林區社子街78號,,
234,臺北市士林區延平北路八段109號,,
235,臺北市士林區芝玉路一段197巷1號,,
236,臺北市士林區士東路320巷2號,,
237,臺北市士林區中山北路六段290巷7弄25號,,
238,臺北市士林區中山北路六段450巷10號,,
239,臺北市士林區中山北路六段405巷50號,,
240,臺北市士林區中山北路七段191巷23號,,
241,臺北市北投區致遠一路一段9號,,
242,臺北市北投區自強街21號,,
243,臺北市北投區石牌路一段166巷43弄15號,,
244,臺北市北投區明德路136巷16號,,
245,臺北市北投區懷德街14巷17號,,
246,臺北市北投區石牌路二段334之1號,,
247,臺北市北投區石牌路一段39巷120弄7號,,
248,臺北市北投區尊賢街251巷18號,,
249,臺北市北投區吉利街123巷30號,,
250,臺北市北投區清江路201號,,
251,臺北市北投區北投路一段93巷3號,,
252,臺北市北投區溫泉路68巷6弄15之2號,,
253,臺北市北投區大同街140號,,
254,臺北市北投區珠海路15號,,
255,臺北市北投區永興路一段12號,,
256,臺北市北投區永興路二段8號,,
257,臺北市北投區中和街422號,,
258,臺北市北投區杏林二路74巷3號,,
259,臺北市北投區中央北路二段95巷1弄1號,,
260,臺北市北投區中央北路三段40巷7號,,
261,臺北市北投區行義路63號,,
262,臺北市北投區裕民一路40巷37號,,
263,臺北市北投區建民路116巷13號,,
264,臺北市北投區尊賢街302巷19號,,
265,臺北市北投區文林北路36號,,
266,臺北市北投區大同街135號,,
267,臺北市北投區知行路316巷20弄15號,,
268,臺北市北投區義理街65號,,
269,臺北市北投區公館路249之1號,,
270,臺北市北投區中和街502巷2弄11號,,
