機構類型,機構名稱,收托人數,地址,電話,定位用地址,經度,緯度
公辦民營托嬰中心,臺北市士林托嬰中心,48,臺北市士林區基河路130號,(02)28836242,臺北市士林區基河路130號,,
公辦民營托嬰中心,臺北市大同托嬰中心,48,臺北市大同區重慶北路3段120巷2號,(02)25989926,臺北市大同區重慶北路三段120巷2號,,
公辦民營托嬰中心,臺北市明倫托嬰中心,40,臺北市大同區承德路3段285之8號(明倫社宅),(02)25854808,臺北市大同區承德路三段285之8號,,
公辦民營托嬰中心,臺北市大安托嬰中心,40,臺北市大安區羅斯福路4段21號(銘傳國小),(02)23656565,臺北市大安區羅斯福路四段21號,,
公辦民營托嬰中心,臺北市中山托嬰中心,40,臺北市中山區林森北路511號(新興國中),(02)25214118,臺北市中山區林森北路511號,,
公辦民營托嬰中心,臺北市吉林托嬰中心,40,臺北市中山區長春路116號1樓(吉林國小),(02)25114698,臺北市中山區長春路116號,,
公辦民營托嬰中心,臺北市中正托嬰中心,40,臺北市中正區詔安街29號(螢橋國小),(02)23017171,臺北市中正區詔安街29號,,
公辦民營托嬰中心,臺北市新生托嬰中心,36,臺北市中正區新生南路1段54巷5弄2號1、2樓,(02)23517197,臺北市中正區新生南路一段54巷5弄2號,,
公辦民營托嬰中心,臺北市內湖托嬰中心,48,臺北市內湖區內湖路1段659號2樓,(02)77097991,臺北市內湖區內湖路一段659號,,
公辦民營托嬰中心,臺北市大湖托嬰中心,40,臺北市內湖區大湖山莊街170號(大湖國小),(02)27943017,臺北市內湖區大湖山莊街170號,,
公辦民營托嬰中心,臺北市西湖托嬰中心,40,臺北市內湖區環山路1段25號2樓(西湖國小),(02)87978863,臺北市內湖區環山路一段25號,,
公辦民營托嬰中心,臺北市潭美托嬰中心,48,臺北市內湖區新明路22號,(02)27926383,臺北市內湖區新明路22號,,
公辦民營托嬰中心,臺北市東湖托嬰中心,48,臺北市內湖區東湖路1號2樓,(02)26330628,臺北市內湖區東湖路1號,,
公辦民營托嬰中心,臺北市文山托嬰中心,48,臺北市文山區興隆路2段88之6號(興岩社會福利綜合大樓),(02)22361388,臺北市文山區興隆路二段88之6號,,
公辦民營托嬰中心,臺北市景美托嬰中心,48,臺北市文山區羅斯福路6段455巷28號1至2樓,(02)86635692,臺北市文山區羅斯福路六段455巷28號,,
公辦民營托嬰中心,臺北市興隆托嬰中心,40,臺北市文山區興隆路4段105巷49號1樓(興隆社宅),(02)29374896,臺北市文山區興隆路四段105巷49號,,
公辦民營托嬰中心,臺北市興華托嬰中心,48,臺北市文山區興隆路3段125巷6號八德樓2樓(興華國小),(02)29396608,臺北市文山區興隆路三段125巷6號,,
公辦民營托嬰中心,臺北市北投托嬰中心,40,臺北市北投區光明路22號2樓,(02)28973848,臺北市北投區光明路22號,,
公辦民營托嬰中心,臺北市關渡托嬰中心,40,臺北市北投區知行路212號2樓(關渡國中),(02)28581758,臺北市北投區知行路212號,,
公辦民營托嬰中心,臺北市奇岩托嬰中心,48,臺北市北投區磺港路273號1樓(新奇岩社宅),(02)28982327,臺北市北投區磺港路273號,,
公辦民營托嬰中心,臺北市松山托嬰中心,36,臺北市松山區三民路5號(西松國小),(02)37651775,臺北市松山區三民路5號,,
公辦民營托嬰中心,臺北市健康托嬰中心,48,臺北市松山區健康路323號1樓(健康社宅),(02)27618321,臺北市松山區健康路323號,,
公辦民營托嬰中心,臺北市信義托嬰中心,40,臺北市信義區基隆路2段99號(三興國小),(02)23783232,臺北市信義區基隆路二段99號,,
公辦民營托嬰中心,臺北市廣慈托嬰中心,40,臺北市信義區大道路116之1號(廣慈博愛園區),(02)27598068,臺北市信義區大道路116之1號,,
公辦民營托嬰中心,臺北市南港托嬰中心,40,臺北市南港區東新街65號(成德國小),(02)27856838,臺北市南港區東新街65號,,
公辦民營托嬰中心,臺北市東明托嬰中心,40,臺北市南港區南港路2段60巷17號(東明社宅),(02)27853848,臺北市南港區南港路二段60巷17號,,
公辦民營托嬰中心,臺北市萬華托嬰中心,40,臺北市萬華區成都路98號(西門國小）,(02)23826767,臺北市萬華區成都路98號,,
公辦民營托嬰中心,臺北市萬大托嬰中心,48,臺北市萬華區西藏路201號(萬華國中),(02)23375687,臺北市萬華區西藏路201號,,
公辦民營托嬰中心,臺北市青年托嬰中心,48,臺北市萬華區青年路188之1號(青年社宅),(02)23011536,臺北市萬華區青年路188之1號,,
