序號,機構類型,機構名稱,地址,電話,定位用地址,經度,緯度,定位精度,比對結果地址
1,居家托育服務中心,臺北市大同區居家托育服務中心,臺北市大同區承德路2段33號7樓之1,(02)25981828,臺北市大同區承德路二段33號,121.5183776,25.0545459,ArcGIS:PointAddress(100),"台北市大同區光能里承德路二段33號, 10352"
2,居家托育服務中心,臺北市中正區居家托育服務中心,臺北市中正區延平南路207號4樓,(02)23019266,臺北市中正區延平南路207號,121.5076649,25.0328856,ArcGIS:PointAddress(100),"台北市中正區南門里延平南路207號, 10065"
3,居家托育服務中心,臺北市內湖區居家托育服務中心,臺北市內湖區東湖路5號9樓,(02)27911987,臺北市內湖區東湖路5號,121.6121885,25.0697937,ArcGIS:PointAddress(100),"台北市內湖區安湖里東湖路5號, 11487"
4,居家托育服務中心,臺北市文山區居家托育服務中心,臺北市文山區汀州路4段221號,(02)86638295,臺北市文山區汀州路四段221號,121.5360905,25.0023066,ArcGIS:PointAddress(100),"台北市文山區萬和里汀州路四段221號, 11676"
5,居家托育服務中心,臺北市北投區居家托育服務中心,臺北市北投區自強街61巷6號2樓,(02)28211271,臺北市北投區自強街61巷6號,121.5139149,25.1108121,ArcGIS:PointAddress(100),"台北市北投區福興里自強街61巷6號, 11289"
6,居家托育服務中心,臺北市松山區居家托育服務中心,臺北市松山區敦化北路199巷5號3樓,(02)27121051,臺北市松山區敦化北路199巷5號,121.5515302,25.0569931,ArcGIS:PointAddress(100),"台北市松山區精忠里敦化北路199巷5號, 10548"
7,居家托育服務中心,臺北市信義區居家托育服務中心,臺北市信義區福德街84巷36號1樓,(02)27654123,臺北市信義區福德街84巷36號,121.5816832,25.0385433,ArcGIS:PointAddress(100),"台北市信義區大仁里福德街84巷36號, 11077"
8,居家托育服務中心,臺北市南港區居家托育服務中心,臺北市南港區八德路4段768之1號3樓,(02)27856129,臺北市南港區八德路四段768之1號,,25.0504073,ArcGIS:StreetAddress(99),"台北市南港區八德路四段768號, 115027"
9,居家托育服務中心,臺北市萬華區居家托育服務中心,臺北市萬華區萬大路28號1樓,(02)23028678,臺北市萬華區萬大路28號,121.5000387,25.0317138,ArcGIS:PointAddress(100),"台北市萬華區雙園里萬大路28號, 10861"
10,居家托育服務中心,臺北市士林區居家托育服務中心,臺北市士林區華聲街17號3樓之1,(02)28330415,臺北市士林區華聲街17號,121.5224995,25.0965031,ArcGIS:PointAddress(100),"台北市士林區福佳里華聲街17號, 11160"
11,育兒友善園,小小貓頭鷹玩樂屋,臺北市士林區雨聲街53巷1號1樓,(02)28360200,臺北市士林區雨聲街53巷1號,121.5285091,25.1025004,ArcGIS:PointAddress(100),"台北市士林區名山里雨聲街53巷1號, 11142"
12,育兒友善園,和平Kids-Care館,臺北市大安區新生南路3段11巷15號2樓,(02)23623022,臺北市大安區新生南路三段11巷15號,121.5366036,25.0253345,ArcGIS:PointAddress(100),"台北市大安區龍門里新生南路三段11巷15號, 10660"
13,育兒友善園,大安小古意歡樂園,臺北市大安區浦城街16巷11號1樓,(02)23651301,臺北市大安區浦城街16巷11號,121.5260985,25.0238309,ArcGIS:PointAddress(100),"台北市大安區古莊里浦城街16巷11號, 10646"
14,育兒友善園,娃娃藝術探索屋,臺北市中山區龍江路15號3樓,(02)27400040,臺北市中山區龍江路15號,121.5405494,25.0474172,ArcGIS:PointAddress(100),"台北市中山區朱崙里龍江路15號, 10492"
15,育兒友善園,安泰藍鵲,臺北市內湖區康樂街136巷3弄8號1樓,(02)26308850,臺北市內湖區康樂街136巷3弄8號,121.6188101,25.0722359,ArcGIS:PointAddress(100),"台北市內湖區樂康里康樂街136巷3弄8號, 11479"
16,育兒友善園,親親寶貝,臺北市文山區興隆路4段165巷14號1樓,(02)29396053,臺北市文山區興隆路四段165巷14號,121.5626565,24.984092,ArcGIS:PointAddress(100),"台北市文山區順興里興隆路四段165巷14號, 11661"
17,育兒友善園,文山寶貝妙妙屋,臺北市文山區萬安街97號,(02)22306651,臺北市文山區萬安街97號,121.5718947,25.0006661,ArcGIS:PointAddress(100),"台北市文山區萬芳里萬安街97號, 11653"
18,育兒友善園,FUN鬆玩,臺北市北投區明德路136巷18號1樓,(02)28234245,臺北市北投區明德路136巷18號,121.5212714,25.109722,ArcGIS:PointAddress(100),"台北市北投區榮華里明德路136巷18號, 11280"
19,育兒友善園,幸福童心屋,臺北市北投區石牌路1段71巷17、19號1樓,(02)28232802,臺北市北投區石牌路一段71巷17號,121.510849,25.1144966,ArcGIS:StreetAddress(100),"台北市北投區石牌路一段71巷17號, 112031"
20,育兒友善園,久如FUNNY KIDS 童趣探索屋,臺北市南港區研究院路3段86巷1號1樓,(02)26519993,臺北市南港區研究院路三段86巷1號,121.6137187,25.0343818,ArcGIS:PointAddress(100),"台北市南港區九如里研究院路三段86巷1號, 11581"
21,育兒友善園,親子手語故事屋,臺北市大同區錦西街38巷32之1號2樓,(02)25577506,臺北市大同區錦西街38巷32之1號,121.5203944,25.0593264,ArcGIS:PointAddress(95),"台北市大同區雙連里錦西街38巷32號, 10364"
22,育兒友善園,溫叨暖心窩,臺北市松山區東興路2巷2號1樓,(02)27676691,臺北市松山區東興路2巷2號,121.5651459,25.0508227,ArcGIS:PointAddress(100),"台北市松山區新聚里東興路2巷2號, 10570"
23,育兒友善園,愛Fun電,臺北市萬華區德昌街10巷10號1樓,(02)26229852,臺北市萬華區德昌街10巷10號,121.4998679,25.0257096,ArcGIS:PointAddress(100),"台北市萬華區全德里德昌街10巷10號, 10863"
24,親子館,臺北市中山親子館,臺北市中山區玉門街1號,(02)25980657,臺北市中山區玉門街1號,121.5204969,25.0703595,ArcGIS:PointAddress(100),"台北市中山區圓山里玉門街1號, 10452"
25,親子館,臺北市文山親子館,臺北市文山區興隆路2段88號2樓之1,(02)22365186,臺北市文山區興隆路二段88號,121.5488165,25.0002776,ArcGIS:PointAddress(100),"台北市文山區興安里興隆路二段88號, 11688"
26,親子館,臺北市士林親子館,臺北市士林區基河路130號1樓,(02)28830262,臺北市士林區基河路130號,121.5227892,25.0891444,ArcGIS:PointAddress(100),"台北市士林區義信里基河路130號, 11162"
27,親子館,臺北市內湖親子館,臺北市內湖區內湖路1段659號2樓,(02)77097990,臺北市內湖區內湖路一段659號,121.5753351,25.0802574,ArcGIS:PointAddress(100),"台北市內湖區港都里內湖路一段659號, 11444"
28,親子館,臺北市北投親子館,臺北市北投區光明路22號1、2樓,(02)28983217,臺北市北投區光明路22號,121.4993379,25.1322183,ArcGIS:PointAddress(100),"台北市北投區中央里光明路22號, 11246"
29,親子館,臺北市南港親子館,臺北市南港區南港路1段287巷2弄15號1樓,(02)26510558,臺北市南港區南港路一段287巷2弄15號,121.6078779,25.0538698,ArcGIS:PointAddress(100),"台北市南港區南港里南港路一段287巷2弄15號, 11568"
30,親子館,臺北市大安親子館,臺北市大安區延吉街246巷10號1至3樓,(02)23254399,臺北市大安區延吉街246巷10號,121.5553366,25.0353187,ArcGIS:PointAddress(100),"台北市大安區光信里延吉街246巷10號, 10696"
31,親子館,臺北市松山親子館,臺北市松山區民生東路5段163之1號3樓,(02)27661266,臺北市松山區民生東路五段163之1號,,25.0590523,ArcGIS:StreetAddress(99),"台北市松山區民生社區民生東路五段163號, 105"
32,親子館,臺北市大同親子館,臺北市大同區涼州街2之16號,(02)25571403,臺北市大同區涼州街2之16號,,25.0608402,ArcGIS:StreetAddress(98),"台北市大同區涼州街2號, 103024"
33,親子館,臺北市中正親子館,臺北市中正區仁愛路1段17號3樓,(02)23516730,臺北市中正區仁愛路一段17號,121.5222405,25.0390107,ArcGIS:PointAddress(100),台北市中正區東門里仁愛路一段17號
34,親子館,臺北市萬華親子館,臺北市萬華區水源路199號2樓,(02)23047468,臺北市萬華區水源路199號,121.5069764,25.0220832,ArcGIS:PointAddress(100),"台北市萬華區騰雲里水源路199號, 10882"
35,親子館,臺北市信義親子館,臺北市信義區松勤街50號,(02)27202555,臺北市信義區松勤街50號,121.5621756,25.0315923,ArcGIS:PointAddress(100),"台北市信義區景新里松勤街50號, 11049"
36,親子館,臺北市廣慈親子館,臺北市信義區大道路116之3號1樓,(02)27599796,臺北市信義區大道路116之3號,121.5828855,25.0386162,ArcGIS:PointAddress(96),"台北市信義區大仁里大道路116號, 11081"
37,婦女支持培力中心,大直婦女支持培力中心,臺北市中山區大直街1號2樓,(02)25321213,臺北市中山區大直街1號,121.5469786,25.0802991,ArcGIS:PointAddress(100),"台北市中山區大直里大直街1號, 10463"
38,婦女支持培力中心,文山婦女支持培力中心,臺北市文山區興隆路2段88號5樓,(02)29359595,臺北市文山區興隆路二段88號,121.5488165,25.0002776,ArcGIS:PointAddress(100),"台北市文山區興安里興隆路二段88號, 11688"
39,婦女支持培力中心,內湖婦女支持培力中心,臺北市內湖區康樂街110巷16弄20號7樓,(02)26349952,臺北市內湖區康樂街110巷16弄20號,121.618388,25.0703735,ArcGIS:PointAddress(100),"台北市內湖區東湖里康樂街110巷16弄20號, 11479"
40,婦女支持培力中心,大安婦女支持培力中心,臺北市大安區延吉街246巷10號5樓,(02)27007885,臺北市大安區延吉街246巷10號,121.5553366,25.0353187,ArcGIS:PointAddress(100),"台北市大安區光信里延吉街246巷10號, 10696"
41,婦女支持培力中心,松山南港婦女支持培力中心,臺北市松山區南京東路5段251巷46弄5號7樓,(02)27685256,臺北市松山區南京東路五段251巷46弄5號,121.5648299,25.0533497,ArcGIS:PointAddress(100),"台北市松山區安平里南京東路五段251巷46弄5號, 10569"
42,婦女支持培力中心,大同士林婦女支持培力中心,臺北市大同區迪化街1段21號7樓,(02)25580170,臺北市大同區迪化街一段21號,121.510325,25.0545008,ArcGIS:PointAddress(100),"台北市大同區永樂里迪化街一段21號, 10343"
43,婦女支持培力中心,萬華婦女支持培力中心,臺北市萬華區東園街19號4樓,(02)23030105,臺北市萬華區東園街19號,121.495667,25.0279171,ArcGIS:PointAddress(100),"台北市萬華區日善里東園街19號, 10864"
44,婦女支持培力中心,信義婦女支持培力中心,臺北市信義區大道路116號8樓,(02)27599176,臺北市信義區大道路116號,121.5828855,25.0386162,ArcGIS:PointAddress(100),"台北市信義區大仁里大道路116號, 11081"
45,其他,中正區晚間定點臨托據點,臺北市中正區延平南路123號5樓,(02)23019266,臺北市中正區延平南路123號,121.5088655,25.0387796,ArcGIS:PointAddress(100),"台北市中正區建國里延平南路123號, 10042"
