序號,機構名稱,行政區,地址,電話,核定收托人數,實際收托人數,評鑑結果,定位用地址,經度,緯度,定位精度,比對結果地址
1,臺北市私立小哈利托嬰中心,中正區,臺北市中正區南昌路1段145號2樓,(02)33933104,32,32,109-甲,臺北市中正區南昌路一段145號,121.5186578,25.029533,ArcGIS:PointAddress(100),"台北市中正區南福里南昌路一段145號, 10078"
2,臺北市私立宥緣托嬰中心,中正區,臺北市中正區杭州南路1段131巷5號2樓,(02)33225686,30,27,111-乙,臺北市中正區杭州南路一段131巷5號,121.5253479,25.0365633,ArcGIS:PointAddress(100),"台北市中正區文祥里杭州南路一段131巷5號, 10057"
3,臺北市私立宥宜托嬰中心,中正區,臺北市中正區杭州南路1段131巷3號2樓,(02)23587111,30,28,111-乙,臺北市中正區杭州南路一段131巷3號,121.5252312,25.0365909,ArcGIS:PointAddress(100),"台北市中正區文祥里杭州南路一段131巷3號, 10057"
4,立法院附設臺北市私立員工子女托嬰中心(委託社團法人新北市嬰幼兒托育協會經營管理),中正區,臺北市中正區青島東路1-3號1樓,(02)23588542,45,45,111-優,臺北市中正區青島東路1之3號,121.5204879,25.0442782,ArcGIS:StreetAddress(99),"台北市中正區青島東路1號, 100221"
5,臺北市私立小天心東門托嬰中心,中正區,臺北市中正區新生南路1段170巷14之11號1樓,(02)23435082,27,27,111-優,臺北市中正區新生南路一段170巷14之11號,121.5324946,25.03426,ArcGIS:StreetAddressExt(96),"台北市中正區新生南路一段170號, 100015"
6,臺北市私立小天心晴晴托嬰中心,中正區,臺北市中正區師大路176號1樓,(02)23675580,33,33,110-甲,臺北市中正區師大路176號,121.5249841,25.0211441,ArcGIS:PointAddress(100),"台北市中正區河堤里師大路176號, 10088"
7,臺北市私立萌芽托嬰中心,中正區,臺北市中正區廈門街10號1樓,(02)23685881,20,20,111-乙,臺北市中正區廈門街10號,121.5177661,25.0264294,ArcGIS:PointAddress(100),"台北市中正區螢圃里廈門街10號, 10077"
8,臺北市私立樂寶托嬰中心,中正區,臺北市中正區林森南路101號及101號之一1樓,(02)23581556,35,18,,臺北市中正區林森南路101號,121.5214761,25.0378835,ArcGIS:PointAddress(100),"台北市中正區東門里林森南路101號, 10052"
9,臺北市私立小天心壹壹托嬰中心,中正區,臺北市中正區晉江街115號,(02)23650251,34,12,,臺北市中正區晉江街115號,121.5245886,25.0232256,ArcGIS:PointAddress(100),台北市中正區頂東里晉江街115號
10,臺北市政府社會局委託社團法人台北市幼兒園協會辦理臺北市中正托嬰中心,中正區,臺北市中正區詔安街29號1樓(螢橋國小新大樓),(02)23017171,40,40,109-優,臺北市中正區詔安街29號,121.5144463,25.0249276,ArcGIS:PointAddress(100),"台北市中正區螢雪里詔安街29號, 10071"
11,臺北市政府社會局委託社團法人新北市國際兒童教育協會辦理臺北市新生托嬰中心,中正區,臺北市中正區新生南路1段54巷5弄2號1、2樓,(02)23517197,35,35,109-甲,臺北市中正區新生南路一段54巷5弄2號,121.5321549,25.0414083,ArcGIS:PointAddress(100),"台北市中正區幸市里新生南路一段54巷5弄2號, 10059"
12,臺北市政府社會局委託社團法人新北市春陽關懷協會經營管理臺北市南海社區公共托育家園,中正區,臺北市中正區延平南路207之1號1樓,(02)23113689,12,12,110-甲,臺北市中正區延平南路207之1號,121.5074117,25.0328641,ArcGIS:StreetAddress(99),"台北市中正區延平南路207號, 100057"
13,臺北市私立詠荺托嬰中心,大同區,臺北市大同區重慶北路3段24號2樓,(02)25961237,20,20,109-乙,臺北市大同區重慶北路三段24號,121.5134587,25.0650113,ArcGIS:PointAddress(100),"台北市大同區隆和里重慶北路三段24號, 10374"
14,臺北市私立海王子托嬰中心,大同區,臺北市大同區延平北路2段278號3樓、3樓之3,(02)25531988,40,32,111-甲,臺北市大同區延平北路二段278號,121.5111467,25.0623237,ArcGIS:PointAddress(100),"台北市大同區南芳里延平北路二段278號, 10348"
15,臺北市私立喜樂大同托嬰中心,大同區,臺北市大同區重慶北路3段252巷2號2樓,(02)25850805,22,22,111-乙,臺北市大同區重慶北路三段252巷2號,121.5133722,25.0712435,ArcGIS:PointAddress(100),"台北市大同區鄰江里重慶北路三段252巷2號, 10357"
16,臺北市私立小育龍延平托嬰中心,大同區,臺北市大同區延平北路2段242號2樓之1,(02)25573488,39,39,,臺北市大同區延平北路二段242號,121.5112992,25.0599969,ArcGIS:PointAddress(100),"台北市大同區大有里延平北路二段242號, 10348"
17,臺北市政府社會局委託社團法人吾幼吾家教保協會辦理臺北市大同托嬰中心,大同區,臺北市大同區重慶北路3段120巷2號3樓,(02)25989926,45,45,111-優,臺北市大同區重慶北路三段120巷2號,121.5133029,25.0671854,ArcGIS:PointAddress(100),"台北市大同區國慶里重慶北路三段120巷2號, 10357"
18,臺北市政府社會局委託社團法人吾幼吾家教保協會經營管理臺北市明倫托嬰中心,大同區,臺北市大同區承德路3段285之8號,(02)25854808,40,40,,臺北市大同區承德路三段285之8號,121.5197276,25.0738743,ArcGIS:StreetAddress(99),"台北市大同區承德路三段285號, 103"
19,臺北市政府社會局委託臺北市嬰幼兒托育協會經營管理臺北市大龍社區公共托育家園,大同區,臺北市大同區哈密街47號(大龍國小),(02)25950892,12,12,111-優,臺北市大同區哈密街47號,121.5167207,25.0734048,ArcGIS:PointAddress(100),"台北市大同區保安里哈密街47號, 10370"
20,臺北市政府社會局委託臺北市托育發展協會經營管理臺北市忠孝社區公共托育家園,大同區,臺北市大同區西寧北路32號1樓(忠孝國中),(02)25527337,12,12,111-優,臺北市大同區西寧北路32號,121.508267,25.0512334,ArcGIS:PointAddress(100),"台北市大同區玉泉里西寧北路32號, 10341"
21,臺北市政府社會局委託社團法人中華童心幸福關懷協會經營管理臺北市永樂社區公共托育家園,大同區,臺北市大同區延平北路2段266號1樓(永樂國小),(02)25530711,12,12,111-甲,臺北市大同區延平北路二段266號,121.5111339,25.0616937,ArcGIS:PointAddress(100),"台北市大同區南芳里延平北路二段266號, 10348"
22,臺北市私立漢妮托嬰中心,中山區,臺北市中山區明水路397巷7弄9號1樓,(02)85092613,20,19,110-甲,臺北市中山區明水路397巷7弄9號,121.5481586,25.0781553,ArcGIS:PointAddress(100),"台北市中山區永安里明水路397巷7弄9號, 10466"
23,臺北市私立卡兒堡托嬰中心(原名稱:宜朵園蒙特梭利托嬰中心),中山區,臺北市中山區基湖路149號1樓,(02)85026776,35,30,111-乙,臺北市中山區基湖路149號,121.5637722,25.0779631,ArcGIS:PointAddress(100),"台北市中山區金泰里基湖路149號, 10462"
24,臺北市私立日光貝比托嬰中心,中山區,臺北市中山區中山北路2段116巷9號2樓,(02)25717858,40,18,109-乙,臺北市中山區中山北路二段116巷9號,121.5220735,25.0610399,ArcGIS:PointAddress(100),"台北市中山區集英里中山北路二段116巷9號, 10449"
25,臺北市私立笙愛托嬰中心,中山區,臺北市中山區松江路46巷9之1號2樓,(02)25812922,18,18,111-乙,臺北市中山區松江路46巷9之1號,121.5322564,25.048009,ArcGIS:StreetAddress(99),"台北市中山區松江路46巷9號, 104090"
26,臺北市私立韋斯登托嬰中心,中山區,臺北市中山區合江街105巷16號1樓,(02)25091368,19,19,110-乙,臺北市中山區合江街105巷16號,121.5400343,25.059782,ArcGIS:PointAddress(100),"台北市中山區江山里合江街105巷16號, 10478"
27,臺北市私立布萊茲托嬰中心,中山區,臺北市中山區合江街100巷11號1樓,(02)25081708,21,20,111-乙,臺北市中山區合江街100巷11號,121.5386459,25.058395,ArcGIS:PointAddress(100),"台北市中山區江山里合江街100巷11號, 10478"
28,臺北市私立龍江媽咪托嬰中心,中山區,臺北市中山區龍江路397巷10號1樓,(02)25051725,18,18,111-乙,臺北市中山區龍江路397巷10號,121.5415765,25.0654693,ArcGIS:PointAddress(100),"台北市中山區下埤里龍江路397巷10號, 10475"
29,臺北市私立愛寶貝大直園托嬰中心,中山區,臺北市中山區明水路443號1樓,(02)25336823,20,17,111-甲,臺北市中山區明水路443號,121.5498148,25.0774968,ArcGIS:PointAddress(100),"台北市中山區永安里明水路443號, 10462"
30,臺北市私立大愛托嬰中心,中山區,臺北市中山區民生東路3段9巷5號及7號,(02)25065757,40,40,110-乙,臺北市中山區民生東路三段9巷5號,121.5377035,25.0589238,ArcGIS:PointAddress(100),"台北市中山區江山里民生東路三段9巷5號, 10478"
31,臺北市私立寶貝托嬰中心,中山區,臺北市中山區民族東路512巷23號1樓,(02)25090007,20,20,110-甲,臺北市中山區民族東路512巷23號,121.5420885,25.066579,ArcGIS:PointAddress(100),"台北市中山區下埤里民族東路512巷23號, 10474"
32,臺北市私立愛寶貝明水園托嬰中心,中山區,臺北市中山區明水路457號1樓,(02)25324766,26,26,111-甲,臺北市中山區明水路457號,121.550709,25.0775286,ArcGIS:PointAddress(100),"台北市中山區永安里明水路457號, 10462"
33,臺北市私立健寶兒長安托嬰中心,中山區,臺北市中山區龍江路23號2樓,(02)27116825,63,54,,臺北市中山區龍江路23號,121.5405017,25.0478615,ArcGIS:PointAddress(100),"台北市中山區朱崙里龍江路23號, 10492"
34,臺北市私立小庭園托嬰中心,中山區,臺北市中山區遼寧街63巷30號2樓,(02)27510630,23,21,,臺北市中山區遼寧街63巷30號,121.5432882,25.0490669,ArcGIS:PointAddress(100),"台北市中山區力行里遼寧街63巷30號, 10492"
35,臺北市私立健寶兒英琦托嬰中心,中山區,臺北市中山區龍江路40號2樓,(02)27111148,38,14,,臺北市中山區龍江路40號,121.5403104,25.0489603,ArcGIS:PointAddress(100),"台北市中山區力行里龍江路40號, 10490"
36,臺北市私立詠欣托嬰中心,中山區,臺北市中山區建國北路2段186巷7號、9號1樓,(02)25178218,39,5,,臺北市中山區建國北路二段186巷7號,121.5358075,25.0596205,ArcGIS:PointAddress(100),"台北市中山區松江里建國北路二段186巷7號, 10483"
37,台灣基督長老教會馬偕醫療財團法人馬偕紀念醫院附設臺北市私立馬偕員工子女托嬰中心,中山區,臺北市中山區中山北路2段106之2號2樓,(02)25424203,34,20,,臺北市中山區中山北路二段106之2號,121.5227841,25.0603734,ArcGIS:StreetAddress(99),"台北市中山區中山北路二段106號, 104"
38,臺北市政府社會局委託台北市教保人員協會辦理臺北市中山托嬰中心,中山區,臺北市中山區林森北路511號1樓(新興國中教學大樓),(02)25214118,40,40,111-優,臺北市中山區林森北路511號,121.5257885,25.0620636,ArcGIS:PointAddress(100),"台北市中山區聚葉里林森北路511號, 10451"
39,臺北市政府社會局委託台北市教保人員協會經營管理臺北市吉林社區公共托育家園,中山區,臺北市中山區長春路116號2樓(吉林國小－臺北市家庭教育中心),(02)25114698,12,12,110-優,臺北市中山區長春路116號,121.529631,25.0547175,ArcGIS:PointAddress(100),"台北市中山區中原里長春路116號, 10458"
40,臺北市政府社會局委託台北市教保人員協會經營管理臺北市濱中社區公共托育家園,中山區,臺北市中山區樂群二路262號1樓(濱江國中文樓),(02)85015418,12,12,111-優,臺北市中山區樂群二路262號,121.5607163,25.0795975,ArcGIS:PointAddress(100),"台北市中山區金泰里樂群二路262號, 10462"
41,臺北市政府社會局委託社團法人中華婦幼健康促進發展協會經營管理臺北市北安社區公共托育家園,中山區,臺北市中山區明水路325號1樓(北安國中忠孝樓),(02)25334390,12,12,111-甲,臺北市中山區明水路325號,121.5416244,25.0777879,ArcGIS:PointAddress(100),"台北市中山區劍潭里明水路325號, 10465"
42,臺北市政府社會局委託社團法人中華童心幸福關懷協會經營管理臺北市大直社區公共托育家園,中山區,臺北市中山區大直街2號1樓(大直國小自愛樓),(02)25330158,12,12,111-甲,臺北市中山區大直街2號,121.5464327,25.0804944,ArcGIS:PointAddress(100),"台北市中山區大直里大直街2號, 10462"
43,臺北市政府社會局委託社團法人中華婦幼健康促進發展協會經營管理臺北市濱江社區公共托育家園,中山區,臺北市中山區樂群二路266巷99號1樓(濱江國小幼兒園區),(02)85012413,12,12,109-甲,臺北市中山區樂群二路266巷99號,121.5616838,25.0773126,ArcGIS:PointAddress(100),"台北市中山區金泰里樂群二路266巷99號, 10462"
44,臺北市私立豐村托嬰中心,松山區,臺北市松山區光復南路13巷43號1樓,(02)27687959,23,22,110-乙,臺北市松山區光復南路13巷43號,121.5598088,25.0479342,ArcGIS:PointAddress(100),"台北市松山區復盛里光復南路13巷43號, 10563"
45,臺北市私立多多托嬰中心,松山區,臺北市松山區八德路3段12巷51弄19號1樓,(02)25791370,32,32,109-甲,臺北市松山區八德路三段12巷51弄19號,121.5515854,25.0462761,ArcGIS:PointAddress(100),"台北市松山區敦化里八德路三段12巷51弄19號, 10559"
46,臺北市私立凱思托嬰中心,松山區,臺北市松山區光復北路100巷8號1樓,(02)25791350,30,27,109-乙,臺北市松山區光復北路100巷8號,121.5573027,25.050454,ArcGIS:PointAddress(100),"台北市松山區復勢里光復北路100巷8號, 10560"
47,臺北市私立哈寶寶托嬰中心,松山區,臺北市松山區民生東路5段36巷4弄41號1樓,(02)37651389,20,20,110-甲,臺北市松山區民生東路五段36巷4弄41號,121.5590048,25.0579759,ArcGIS:PointAddress(100),"台北市松山區介壽里民生東路五段36巷4弄41號, 10576"
48,臺北市私立采禾托嬰中心,松山區,臺北市松山區八德路3段81號2樓之1,(02)25771163,40,40,111-甲,臺北市松山區八德路三段81號,121.5531988,25.0483104,ArcGIS:PointAddress(100),"台北市松山區美仁里八德路三段81號, 10554"
49,臺北市私立健寶兒托嬰中心,松山區,臺北市松山區敦化北路222巷15號1樓,(02)27123455,24,2,111-乙,臺北市松山區敦化北路222巷15號,121.5482699,25.0593239,ArcGIS:PointAddress(100),"台北市松山區民有里敦化北路222巷15號, 10546"
50,臺北市私立哈寶貝托嬰中心,松山區,臺北市松山區民生東路5段39之2號1樓,(02)27565859,22,22,111-甲,臺北市松山區民生東路五段39之2號,121.5570351,25.058517,ArcGIS:StreetAddress(99),"台北市松山區民生東路五段39號, 105010"
51,臺北市私立悅福托嬰中心,松山區,臺北市松山區南京東路4段95號2樓,(02)25472977,36,21,109-乙,臺北市松山區南京東路四段95號,121.5543189,25.0518255,ArcGIS:PointAddress(100),"台北市松山區東勢里南京東路四段95號, 10580"
52,臺北市私立悅和托嬰中心,松山區,臺北市松山區南京東路4段93號2樓,(02)25473118,22,14,110-乙,臺北市松山區南京東路四段93號,121.5542626,25.051828,ArcGIS:PointAddress(100),"台北市松山區東勢里南京東路四段93號, 10580"
53,臺北市私立天使寶貝蒙特梭利托嬰中心,松山區,臺北市松山區敦化北路145巷71號1樓,(02)27126655,26,26,110-甲,臺北市松山區敦化北路145巷71號,121.5521038,25.0535606,ArcGIS:PointAddress(100),"台北市松山區中華里敦化北路145巷71號, 10549"
54,臺北市私立天愛托嬰中心,松山區,臺北市松山區三民路9號2樓之5,(02)87875598,32,29,111-甲,臺北市松山區三民路9號,121.5635651,25.0537759,ArcGIS:PointAddress(100),"台北市松山區東光里三民路9號, 10582"
55,臺北市私立健寶兒敦北托嬰中心,松山區,臺北市松山區民權東路3段106巷3弄55之1號,(02)25466699,30,23,111-甲,臺北市松山區民權東路三段106巷3弄55之1號,121.5449661,25.0615378,ArcGIS:StreetAddress(97),"台北市松山區民權東路三段106巷3號, 105005"
56,臺北市私立健寶兒吉祥托嬰中心,松山區,臺北市松山區八德路4段111號3樓,(02)27672855,60,28,,臺北市松山區八德路四段111號,121.5614354,25.0486794,ArcGIS:PointAddress(100),"台北市松山區吉祥里八德路四段111號, 10561"
57,臺北市私立牧星托嬰中心,松山區,臺北市松山區復興北路427巷23號1樓,(02)25140228,25,25,,臺北市松山區復興北路427巷23號,121.5461421,25.0634472,ArcGIS:PointAddress(100),"台北市松山區民福里復興北路427巷23號, 10542"
58,臺北市私立玥康托嬰中心,松山區,臺北市松山區民生東路80巷1弄11號1樓,(02)25467888,26,8,,臺北市松山區民生東路80巷1弄11號,121.5768018,25.0497252,ArcGIS:Locality(74),台北市松山區
59,臺北市政府社會局委託經國管理暨健康學院辦理臺北市松山托嬰中心,松山區,臺北市松山區三民路5號1樓(西松國小東陽樓),(02)37651775,40,40,109-優,臺北市松山區三民路5號,121.5636145,25.0521982,ArcGIS:PointAddress(100),"台北市松山區東光里三民路5號, 10582"
60,臺北市政府社會局委託財團法人中華民國唐氏症基金會辦理臺北市健康托嬰中心,松山區,臺北市松山區健康路323號1樓(健康公宅2區),(02)27618321,45,45,109-甲,臺北市松山區健康路323號,121.5669633,25.0544855,ArcGIS:PointAddress(100),"台北市松山區鵬程里健康路323號, 10586"
61,臺北市政府社會局委託台北市教保人員協會經營管理臺北市松民社區公共托育家園,松山區,臺北市松山區民生東路5段163-1號2樓,(02)27652003,12,12,109-優,臺北市松山區民生東路五段163之1號,121.5629565,25.0590523,ArcGIS:StreetAddress(99),"台北市松山區民生社區民生東路五段163號, 105"
62,臺北市政府社會局委託臺北市嬰幼兒托育協會經營管理臺北市松山社區公共托育家園,松山區,臺北市松山區八德路4段746號1樓(松山國小南棟),(02)27480228,12,12,,臺北市松山區八德路四段746號,121.5792687,25.0512052,ArcGIS:PointAddress(100),"台北市松山區慈祐里八德路四段746號, 10567"
63,臺北市私立吉事達康博喜托嬰中心,大安區,臺北市大安區敦化南路2段200巷20號1樓及22號1樓,(02)27381616,40,28,110-甲,臺北市大安區敦化南路二段200巷20號,121.5473952,25.0227926,ArcGIS:PointAddress(100),"台北市大安區虎嘯里敦化南路二段200巷20號, 10669"
64,臺北市私立萌語托嬰中心,大安區,臺北市大安區安和路2段70號2樓之5,(02)27030888,28,28,111-優,臺北市大安區安和路二段70號,121.5517567,25.0302049,ArcGIS:PointAddress(100),"台北市大安區義安里安和路二段70號, 10680"
65,臺北市私立小天心托嬰中心,大安區,臺北市大安區師大路86巷4號1樓,(02)23678146,33,33,109-甲,臺北市大安區師大路86巷4號,121.5279017,25.0228968,ArcGIS:PointAddress(100),"台北市大安區古莊里師大路86巷4號, 10646"
66,臺北市私立以愛托嬰中心,大安區,臺北市大安區和平東路1段183巷3弄2之1號1樓,(02)23910805,28,19,111-甲,臺北市大安區和平東路一段183巷3弄2之1號,121.5331435,25.0267569,ArcGIS:PointAddress(96),"台北市大安區龍安里和平東路一段183巷3弄2號, 10649"
67,臺北市私立橘子樹寶貝托嬰中心,大安區,臺北市大安區瑞安街155巷2號1樓,(02)27048288,35,35,110-乙,臺北市大安區瑞安街155巷2號,121.5392954,25.0259737,ArcGIS:PointAddress(100),"台北市大安區龍生里瑞安街155巷2號, 10664"
68,臺北市私立采侑托嬰中心,大安區,臺北市大安區羅斯福路3段333巷9號2樓及11號2樓,(02)23681237,40,28,111-甲,臺北市大安區羅斯福路三段333巷9號,121.5327292,25.0175183,ArcGIS:PointAddress(100),"台北市大安區大學里羅斯福路三段333巷9號, 10647"
69,臺北市私立翻轉學堂托嬰中心,大安區,臺北市大安區四維路160巷14號1樓,(02)27045089,25,25,111-甲,臺北市大安區四維路160巷14號,121.5471669,25.0286963,ArcGIS:PointAddress(100),"台北市大安區龍雲里四維路160巷14號, 10668"
70,臺北市私立天心大安托嬰中心,大安區,臺北市大安區新生南路3段86巷23、25號1樓,(02)23635261,39,39,111-甲,臺北市大安區新生南路三段86巷23號,121.5319529,25.0187993,ArcGIS:PointAddress(100),"台北市大安區大學里新生南路三段86巷23號, 10673"
71,臺北市私立萌語大安托嬰中心,大安區,臺北市大安區安和路1段112巷22號,(02)27009000,40,39,109-甲,臺北市大安區安和路一段112巷22號,121.5505396,25.0338031,ArcGIS:PointAddress(100),"台北市大安區敦安里安和路一段112巷22號, 10685"
72,臺北市私立小樹蒙特梭利托嬰中心,大安區,臺北市大安區樂業街188號1樓,(02)27320909,24,24,,臺北市大安區樂業街188號,121.5541953,25.0189624,ArcGIS:PointAddress(100),"台北市大安區黎元里樂業街188號, 10674"
73,臺北市私立廣蕎托嬰中心,大安區,臺北市大安區通化街176巷8號2樓,(02)23778185,25,25,,臺北市大安區通化街176巷8號,121.5527763,25.0277545,ArcGIS:PointAddress(100),"台北市大安區法治里通化街176巷8號, 10677"
74,臺北市政府社會局委託社團法人新北市國際兒童教育協會辦理臺北市大安托嬰中心,大安區,臺北市大安區羅斯福路4段21號1樓(臺北市銘傳國小向陽樓),(02)23656565,40,40,109-優,臺北市大安區羅斯福路四段21號,121.5352246,25.0142412,ArcGIS:PointAddress(100),"台北市大安區學府里羅斯福路四段21號, 10673"
75,臺北市政府社會局委託台北市兒童托育協會經營管理臺北市成功社區公共托育家園,大安區,臺北市大安區四維路198巷38弄10號(大安區成功國宅警察局駐點廳舍),(02)27070857,12,12,111-優,臺北市大安區四維路198巷38弄10號,121.5454994,25.0265158,ArcGIS:PointAddress(100),"台北市大安區群英里四維路198巷38弄10號, 10670"
76,臺北市政府社會局委託社團法人中華婦幼健康促進發展協會經營管理臺北市大安社區公共托育家園,大安區,臺北市大安區臥龍街129號2樓(大安國小活動中心),(02)27374956,12,12,109-甲,臺北市大安區臥龍街129號,121.5496466,25.0195066,ArcGIS:PointAddress(100),"台北市大安區芳和里臥龍街129號, 10671"
77,臺北市政府社會局委託台北市教保人員協會經營管理臺北市族中社區公共托育家園,大安區,臺北市大安區羅斯福路4段113巷13號1樓(民族國中後棟),(02)23770039,12,12,109-優,臺北市大安區羅斯福路四段113巷13號,121.5388319,25.0111839,ArcGIS:PointAddress(100),"台北市大安區學府里羅斯福路四段113巷13號, 10673"
78,臺北市政府社會局委託財團法人海棠文教基金會經營管理臺北市懷中社區公共托育家園,大安區,臺北市大安區忠孝東路3段248巷30號1樓(懷生國中懷生樓),(02)27780378,12,12,109-甲,臺北市大安區忠孝東路三段248巷30號,121.541209,25.0403649,ArcGIS:PointAddress(100),"台北市大安區義村里忠孝東路三段248巷30號, 10655"
79,臺北市私立小育龍托嬰中心,萬華區,臺北市萬華區萬大路61號2樓,(02)23089200,21,20,111-甲,臺北市萬華區萬大路61號,121.5007082,25.0310138,ArcGIS:PointAddress(100),"台北市萬華區頂碩里萬大路61號, 10861"
80,臺北市私立安馨托嬰中心,萬華區,臺北市萬華區中華路2段364巷5號1樓,(02)23391661,22,22,109-甲,臺北市萬華區中華路二段364巷5號,121.5043462,25.0287243,ArcGIS:PointAddress(100),"台北市萬華區新和里中華路二段364巷5號, 10880"
81,臺北市私立小育龍莒光托嬰中心,萬華區,臺北市萬華區莒光路175號2樓,(02)23043118,19,19,111-甲,臺北市萬華區莒光路175號,121.5025723,25.0310863,ArcGIS:PointAddress(100),"台北市萬華區頂碩里莒光路175號, 10861"
82,臺北市私立瑞吉歐托嬰中心,萬華區,臺北市萬華區中華路2段364巷17號1樓,(02)23017002,20,20,111-甲,臺北市萬華區中華路二段364巷17號,121.5037394,25.0283441,ArcGIS:PointAddress(100),"台北市萬華區新和里中華路二段364巷17號, 10880"
83,臺北市私立安馨寶貝托嬰中心,萬華區,臺北市萬華區中華路2段364巷13號1樓,(02)23097027,28,28,111-甲,臺北市萬華區中華路二段364巷13號,121.5039673,25.0283601,ArcGIS:PointAddress(100),"台北市萬華區新和里中華路二段364巷13號, 10880"
84,臺北市私立小時候托嬰中心,萬華區,臺北市萬華區萬大路423巷46號1樓,(02)23073636,24,24,,臺北市萬華區萬大路423巷46號,121.5012409,25.0215908,ArcGIS:PointAddress(100),"台北市萬華區日祥里萬大路423巷46號, 10875"
85,臺北市政府社會局委託社團法人臺北市嬰幼兒適性發展協會辦理臺北市萬華托嬰中心,萬華區,臺北市萬華區成都路98號1樓(西門國小和平樓),(02)23889066,40,40,110-優,臺北市萬華區成都路98號,121.50354,25.0432397,ArcGIS:PointAddress(100),"台北市萬華區西門里成都路98號, 10845"
86,臺北市政府社會局委託社團法人新北市春陽關懷協會經營管理臺北市萬大托嬰中心,萬華區,臺北市萬華區西藏路201號2樓(萬華國中勵學樓2樓),(02)23375687,45,45,111-優,臺北市萬華區西藏路201號,121.4987021,25.0291592,ArcGIS:PointAddress(100),"台北市萬華區日善里西藏路201號, 10864"
87,臺北市政府社會局委託中華民國蒙特梭利教師協會經營管理臺北市雙園社區公共托育家園,萬華區,臺北市萬華區興義街2號1樓(雙園國中D棟),(02)23052362,12,12,111-甲,臺北市萬華區興義街2號,121.492722,25.027628,ArcGIS:PointAddress(100),"台北市萬華區和德里興義街2號, 10865"
88,臺北市政府社會局委託社團法人新北市中華國際嬰幼兒發展學會經營管理臺北市日善社區公共托育家園,萬華區,臺北市萬華區東園街19-1號1樓,(02)23038805,12,12,110-乙,臺北市萬華區東園街19之1號,121.4956823,25.027701,ArcGIS:StreetAddressExt(97),"台北市萬華區東園街19號, 108234"
89,臺北市政府社會局委託社團法人新北市春陽關懷協會經營管理臺北市龍山社區公共托育家園,萬華區,臺北市萬華區和平西路3段235號3樓(龍山國小仁愛樓),(02)23083199,12,12,111-甲,臺北市萬華區和平西路三段235號,121.4962053,25.0355914,ArcGIS:PointAddress(100),"台北市萬華區青山里和平西路三段235號, 10855"
90,臺北市政府社會局委託社團法人新北市中華國際嬰幼兒發展學會經營管理臺北市東園社區公共托育家園,萬華區,臺北市萬華區東園街195號1樓(東園國小內),(02)23016925,12,12,111-優,臺北市萬華區東園街195號,121.4978629,25.0231415,ArcGIS:PointAddress(100),"台北市萬華區全德里東園街195號, 10869"
91,臺北市政府社會局委託社團法人新北市中華國際嬰幼兒發展學會經營管理臺北市西園社區公共托育家園,萬華區,臺北市萬華區東園街73巷65號2樓(西園國小內),(02)23391231,12,12,111-甲,臺北市萬華區東園街73巷65號,121.4988649,25.0266211,ArcGIS:PointAddress(100),"台北市萬華區日善里東園街73巷65號, 10863"
92,臺北市政府社會局委託社團法人中華兆陽文教發展協會經營管理臺北市亭中社區公共托育家園,萬華區,臺北市萬華區中華路2段606巷3號2樓(古亭國中第二校區),(02)23019738,12,12,109-甲,臺北市萬華區中華路二段606巷3號,121.509945,25.0237556,ArcGIS:PointAddress(100),"台北市萬華區騰雲里中華路二段606巷3號, 10882"
93,臺北市政府社會局委託社團法人新北市國際兒童教育協會經營管理臺北市青年托嬰中心,萬華區,臺北市萬華區日祥里青年路188之1號,(02)23011536,45,45,110-優,臺北市萬華區青年路188之1號,121.5038746,25.0199715,ArcGIS:PointAddress(95),"台北市萬華區日祥里青年路188號, 10882"
94,臺北市政府社會局委託財團法人海棠文教基金會經營管理臺北市老松社區公共托育家園,萬華區,臺北市萬華區桂林路64號1樓(老松國小南棟),(02)23028488,12,12,110-優,臺北市萬華區桂林路64號,121.5027622,25.0380633,ArcGIS:PointAddress(100),"台北市萬華區福音里桂林路64號, 10852"
95,臺北市私立薇薇安娃娃國托嬰中心,信義區,臺北市信義區忠孝東路5段236巷3弄29號2樓及2樓之1,(02)23459330,24,24,111-乙,臺北市信義區忠孝東路五段236巷3弄29號,121.5735819,25.0404884,ArcGIS:PointAddress(100),"台北市信義區廣居里忠孝東路五段236巷3弄29號, 11060"
96,臺北市私立薇薇安娃娃國信義園托嬰中心,信義區,臺北市信義區忠孝東路5段236巷37弄33號1樓,(02)87801438,20,19,110-乙,臺北市信義區忠孝東路五段236巷37弄33號,121.5738259,25.0380261,ArcGIS:PointAddress(100),"台北市信義區安康里忠孝東路五段236巷37弄33號, 11060"
97,臺北市私立信義小太陽托嬰中心,信義區,臺北市信義區中坡南路98巷2號1樓,(02)27277726,20,20,111-乙,臺北市信義區中坡南路98巷2號,121.5849162,25.0410942,ArcGIS:PointAddress(100),"台北市信義區中行里中坡南路98巷2號, 11077"
98,臺北市私立薇薇安娃娃國興雅園托嬰中心,信義區,臺北市信義區松德路180巷9號,(02)87869037,24,23,110-乙,臺北市信義區松德路180巷9號,121.5737524,25.0353062,ArcGIS:PointAddress(100),"台北市信義區安康里松德路180巷9號, 11075"
99,臺北市私立薇薇安娃娃國松德園托嬰中心,信義區,臺北市信義區松德路180巷11號,(02)87869036,28,27,110-乙,臺北市信義區松德路180巷11號,121.5736856,25.035307,ArcGIS:PointAddress(100),"台北市信義區安康里松德路180巷11號, 11075"
100,臺北市私立柚子樹托嬰中心,信義區,臺北市信義區信義路6段36號1樓,(02)66050926,20,20,111-乙,臺北市信義區信義路六段36號,121.5757686,25.0343237,ArcGIS:PointAddress(100),"台北市信義區松友里信義路六段36號, 11086"
101,臺北市政府附設臺北市私立市政大樓員工子女社區公共托育家園,信義區,臺北市信義區市府路1號2樓(臺北市政府市政大樓南區),(02)27208889,12,12,110-甲,臺北市信義區市府路1號,121.5637838,25.037523,ArcGIS:PointAddress(100),"台北市信義區西村里市府路1號, 11008"
102,臺北市政府社會局委託社團法人台北市幼兒園協會辦理臺北市信義托嬰中心,信義區,臺北市信義區基隆路2段99號1樓(三興國小和平樓),(02)23783232,40,40,109-優,臺北市信義區基隆路二段99號,121.5580269,25.0297204,ArcGIS:PointAddress(100),"台北市信義區景聯里基隆路二段99號, 11052"
103,臺北市政府社會局委託社團法人臺北市保母成長促進會經營管理臺北市吳興社區公共托育家園,信義區,臺北市信義區松仁路226號2樓(吳興國小信義樓),(02)27580675,12,12,111-乙,臺北市信義區松仁路226號,121.5685898,25.026016,ArcGIS:PointAddress(100),"台北市信義區三張里松仁路226號, 11046"
104,臺北市政府社會局委託臺北市托育發展協會經營管理臺北市興雅社區公共托育家園,信義區,臺北市信義區基隆路1段83巷9號2樓(興雅國小和平樓),(02)27495657,12,12,111-優,臺北市信義區基隆路一段83巷9號,121.570074,25.0467669,ArcGIS:PointAddress(100),"台北市信義區雅祥里基隆路一段83巷9號, 11070"
105,臺北市私立怡寶優質托嬰中心,士林區,臺北市士林區文林路740巷9弄24號1樓,(02)28359188,22,22,109-優,臺北市士林區文林路740巷9弄24號,121.5207195,25.1035661,ArcGIS:PointAddress(100),"台北市士林區德華里文林路740巷9弄24號, 11159"
106,臺北市私立怡寶托嬰中心,士林區,臺北市士林區中山北路5段852號1樓,(02)28361115,24,24,109-甲,臺北市士林區中山北路五段852號,121.5264909,25.1020646,ArcGIS:PointAddress(100),"台北市士林區名山里中山北路五段852號, 11142"
107,臺北市私立怡寶資優托嬰中心,士林區,臺北巿士林區文林路740巷9弄2號1樓,(02)28359188,22,22,111-優,臺北市士林區文林路740巷9弄2號,121.5207726,25.1034784,ArcGIS:PointAddress(100),"台北市士林區德華里文林路740巷9弄2號, 11159"
108,臺北市私立好來托嬰中心,士林區,臺北市士林區忠誠路2段166巷31號1樓至2樓,(02)28718698,40,29,111-乙,臺北市士林區忠誠路二段166巷31號,121.5321893,25.1159178,ArcGIS:PointAddress(100),"台北市士林區天福里忠誠路二段166巷31號, 11148"
109,臺北市私立春田托嬰中心,士林區,臺北市士林區磺溪街88巷6號1樓,(02)28366515,22,18,111-甲,臺北市士林區磺溪街88巷6號,121.5237734,25.108372,ArcGIS:PointAddress(100),"台北市士林區蘭興里磺溪街88巷6號, 11157"
110,臺北市私立萌語天母托嬰中心,士林區,臺北市士林區中山北路6段405巷70號1樓,(02)28718988,31,30,111-優,臺北市士林區中山北路六段405巷70號,121.5264856,25.1164894,ArcGIS:PointAddress(100),"台北市士林區天壽里中山北路六段405巷70號, 11155"
111,臺北市私立春田天母托嬰中心,士林區,臺北市士林區忠誠路2段32巷9號1樓,(02)28348523,34,30,109-乙,臺北市士林區忠誠路二段32巷9號,121.5295472,25.109323,ArcGIS:PointAddress(100),"台北市士林區三玉里忠誠路二段32巷9號, 11147"
112,臺北市私立怡寶質優托嬰中心,士林區,臺北市士林區前港街88號1樓,(02)28810088,23,21,110-優,臺北市士林區前港街88號,121.5195366,25.0849792,ArcGIS:PointAddress(100),"台北市士林區百齡里前港街88號, 11170"
113,臺北市私立長藤托嬰中心,士林區,臺北市士林區葫蘆街140號1樓,(02)28136942,20,20,110-甲,臺北市士林區葫蘆街140號,121.5085226,25.0834024,ArcGIS:PointAddress(100),"台北市士林區葫蘆里葫蘆街140號, 11171"
114,臺北市私立維薆托嬰中心,士林區,臺北市士林區忠誠路2段70巷13弄1號1樓,(02)28313391,25,24,110-甲,臺北市士林區忠誠路二段70巷13弄1號,121.5298455,25.111201,ArcGIS:PointAddress(100),"台北市士林區三玉里忠誠路二段70巷13弄1號, 11147"
115,臺北市私立好來天母托嬰中心,士林區,臺北市士林區士東路244號1樓,(02)28718697,27,24,110-甲,臺北市士林區士東路244號,121.53536,25.1126862,ArcGIS:PointAddress(100),"台北市士林區芝山里士東路244號, 11154"
116,臺北市私立孩子國萌寶托嬰中心,士林區,臺北市士林區承德路4段187號1樓,(02)28881541,33,31,111-甲,臺北市士林區承德路四段187號,121.5223914,25.0879317,ArcGIS:PointAddress(100),"台北市士林區義信里承德路四段187號, 11167"
117,臺北市私立雨聲托嬰中心(社團法人新北市嬰幼兒托育協會辦理),士林區,臺北市士林區雨聲街105號1樓(聯醫陽明院區宿舍大樓西側1樓),(02)28315601,30,29,111-優,臺北市士林區雨聲街105號,121.5315656,25.105194,ArcGIS:PointAddress(100),"台北市士林區岩山里雨聲街105號, 11146"
118,臺北市私立幼天才托嬰中心,士林區,臺北市士林區華齡街180號及182號1樓,(02)88611580,40,38,111-優,臺北市士林區華齡街180號,121.5198549,25.0872607,ArcGIS:PointAddress(100),"台北市士林區前港里華齡街180號, 11170"
119,臺北市私立怡寶士林官邸托嬰中心,士林區,臺北市士林區中山北路5段520號1樓,(02)28883520,79,77,110-甲,臺北市士林區中山北路五段520號,121.5287279,25.0933361,ArcGIS:PointAddress(100),"台北市士林區福林里中山北路五段520號, 11141"
120,臺北市私立長藤幼苗托嬰中心,士林區,臺北市士林區中正路655巷6號及8號,(02)28162958,23,23,111-甲,臺北市士林區中正路655巷6號,121.5077935,25.0853084,ArcGIS:PointAddress(100),"台北市士林區葫蘆里中正路655巷6號, 11171"
121,臺北市私立蘭瑛托嬰中心,士林區,臺北市士林區德行東路74巷22號1樓,(02)28333030,30,29,,臺北市士林區德行東路74巷22號,121.5272779,25.1059438,ArcGIS:PointAddress(100),"台北市士林區忠誠里德行東路74巷22號, 11147"
122,臺北市私立蘇培兒托嬰中心,士林區,臺北市士林區社中街422號1樓及2樓,(02)28116565,34,30,,臺北市士林區社中街422號,121.5026164,25.0919502,ArcGIS:PointAddress(100),"台北市士林區永倫里社中街422號, 11175"
123,臺北市私立萌薆托嬰中心,士林區,臺北巿士林區士東路120巷22弄1號,(02)28360083,24,24,,臺北市士林區士東路120巷22弄1號,121.5295856,25.1111046,ArcGIS:PointAddress(100),"台北市士林區蘭雅里士東路120巷22弄1號, 11154"
124,臺北市私立小熊搖籃天母一館托嬰中心,士林區,臺北市士林區天母西路48號1、2樓,(02)28764468,35,34,,臺北市士林區天母西路48號,121.5251105,25.1183407,ArcGIS:PointAddress(100),"台北市士林區天壽里天母西路48號, 11157"
125,臺北市私立怡寶美好時光托嬰中心,士林區,臺北市士林區文林路740巷11號1樓,(02)28360711,19,19,,臺北市士林區文林路740巷11號,121.5208843,25.1033434,ArcGIS:PointAddress(100),"台北市士林區德華里文林路740巷11號, 11159"
126,臺北市政府社會局委託財團法人靖娟兒童安全文教基金會辦理臺北市士林托嬰中心,士林區,臺北市士林區基河路130號1樓,(02)28836242,45,45,110-優,臺北市士林區基河路130號,121.5227892,25.0891444,ArcGIS:PointAddress(100),"台北市士林區義信里基河路130號, 11162"
127,臺北市政府社會局委託財團法人彭婉如文教基金會經營管理臺北市芝山社區公共托育家園,士林區,臺北市士林區德行東路285號3樓(芝山國小忠孝樓),(02)28385506,12,12,110-甲,臺北市士林區德行東路285號,121.5364298,25.110386,ArcGIS:PointAddress(100),"台北市士林區芝山里德行東路285號, 11150"
128,臺北市政府社會局委託社團法人台灣公共托育協會經營管理臺北市葫蘆社區公共托育家園,士林區,臺北市士林區環河北路3段95號2樓(葫蘆國小光復樓),(02)28105878,12,12,111-甲,臺北市士林區環河北路三段95號,121.5070272,25.0837584,ArcGIS:PointAddress(100),"台北市士林區葫蘆里環河北路三段95號, 11171"
129,臺北市政府社會局委託新北市嬰幼兒托育發展促進會經營管理臺北市富安社區公共托育家園,士林區,臺北市士林區延平北路8段135號2樓(富安國小內),(02)28117668,12,12,111-甲,臺北市士林區延平北路八段135號,121.4824399,25.1058626,ArcGIS:PointAddress(100),"台北市士林區富洲里延平北路八段135號, 11174"
130,臺北市政府社會局委託台北市托嬰協會經營管理臺北市百齡社區公共托育家園,士林區,臺北市士林區福港街205號1樓(百齡國小內),(02)28815205,12,12,111-甲,臺北市士林區福港街205號,121.517825,25.086206,ArcGIS:PointAddress(100),"台北市士林區福中里福港街205號, 11169"
131,臺北市政府社會局委託財團法人中華民國唐氏症基金會經營管理臺北市三玉社區公共托育家園,士林區,臺北市士林區天母東路116號2樓(三玉國小內),(02)28745376,12,12,111-甲,臺北市士林區天母東路116號,121.5373227,25.1179953,ArcGIS:PointAddress(100),"台北市士林區三玉里天母東路116號, 11153"
132,臺北市政府社會局委託新北市嬰幼兒托育發展促進會經營管理臺北市蘭雅社區公共托育家園,士林區,臺北市士林區磺溪街57號(蘭雅國小內),(02)28384896,12,12,111-甲,臺北市士林區磺溪街57號,121.5231469,25.1084072,ArcGIS:PointAddress(100),"台北市士林區蘭興里磺溪街57號, 11157"
133,臺北市政府社會局委託社團法人台灣公共托育協會經營管理臺北市文昌社區公共托育家園,士林區,臺北市士林區文林路615巷20號1樓(文昌國小內),(02)28318272,12,12,109-優,臺北市士林區文林路615巷20號,121.5209052,25.0996162,ArcGIS:PointAddress(100),"台北市士林區德華里文林路615巷20號, 11159"
134,臺北市政府社會局委託社團法人台灣公共托育協會經營管理臺北市士林社區公共托育家園,士林區,臺北市士林區大東路165號1樓(士林國小育才樓),(02)28833701,12,12,109-甲,臺北市士林區大東路165號,121.5250735,25.0928336,ArcGIS:PointAddress(100),"台北市士林區福德里大東路165號, 11162"
135,臺北市私立芳馨園二館托嬰中心,北投區,臺北市北投區大興街23巷35號1樓,(02)28981491,24,23,110-甲,臺北市北投區大興街23巷35號,121.4974974,25.1308585,ArcGIS:PointAddress(100),"台北市北投區大同里大興街23巷35號, 11269"
136,臺北市私立安格托嬰中心,北投區,臺北市北投區石牌路2段90巷17號2樓,(02)28237932,34,34,111-乙,臺北市北投區石牌路二段90巷17號,121.5171715,25.1171757,ArcGIS:PointAddress(100),"台北市北投區振華里石牌路二段90巷17號, 11267"
137,臺北市私立向暘托嬰中心,北投區,臺北市北投區石牌路2段352號1樓,(02)28722873,34,34,111-甲,臺北市北投區石牌路二段352號,121.525147,25.1231312,ArcGIS:PointAddress(100),"台北市北投區永欣里石牌路二段352號, 11267"
138,臺北市私立幼輝托嬰中心,北投區,臺北市北投區明德路118巷17號1樓,(02)28232405,22,17,109-甲,臺北市北投區明德路118巷17號,121.5209382,25.1094991,ArcGIS:PointAddress(100),"台北市北投區榮華里明德路118巷17號, 11280"
139,臺北市私立可瑞荳托嬰中心,北投區,臺北市北投區大業路506之1號1樓,(02)28932886,22,22,109-優,臺北市北投區大業路506之1號,121.4958933,25.1334227,ArcGIS:StreetAddress(99),"台北市北投區大業路506號, 112028"
140,臺北市私立芳馨園托嬰中心,北投區,臺北市北投區中央北路2段227號1樓,(02)28986662,20,19,111-甲,臺北市北投區中央北路二段227號,121.4917785,25.1382293,ArcGIS:PointAddress(100),"台北市北投區豐年里中央北路二段227號, 11258"
141,臺北市私立貝兒托嬰中心,北投區,臺北市北投區吉利街158號1樓及2樓,(02)28280818,38,35,110-優,臺北市北投區吉利街158號,121.5086479,25.1185534,ArcGIS:PointAddress(100),"台北市北投區吉利里吉利街158號, 11273"
142,臺北市私立小腳ㄚ托嬰中心,北投區,臺北市北投區吉利街162號1樓,(02)28272659,20,19,111-甲,臺北市北投區吉利街162號,121.5088123,25.1185652,ArcGIS:PointAddress(100),"台北市北投區吉利里吉利街162號, 11273"
143,臺北市私立小腳ㄚ大未來托嬰中心,北投區,臺北巿北投區吉利街207號,(02)28216575,22,20,111-甲,臺北市北投區吉利街207號,121.5090967,25.1187494,ArcGIS:PointAddress(100),"台北市北投區立農里吉利街207號, 11273"
144,臺北市私立樂葳兒托嬰中心,北投區,臺北市北投區文林北路112號1樓,(02)28282525,49,30,110-甲,臺北市北投區文林北路112號,121.5173099,25.1058573,ArcGIS:PointAddress(100),"台北市北投區建民里文林北路112號, 11287"
145,臺北市私立天華托嬰中心,北投區,臺北市北投區光明路167號2樓,(02)28942666,63,49,110-甲,臺北市北投區光明路167號,121.5028078,25.1356244,ArcGIS:PointAddress(100),"台北市北投區長安里光明路167號, 11246"
146,臺北市私立天華石牌托嬰中心,北投區,臺北巿北投區榮華三路25號2樓,(02)28212653,39,25,,臺北市北投區榮華三路25號,121.5213483,25.113872,ArcGIS:PointAddress(100),"台北市北投區振華里榮華三路25號, 11279"
147,臺北市政府社會局委託台北市教保人員協會經營管理臺北市北投托嬰中心,北投區,臺北市北投區光明路22號2樓,(02)28973848,40,40,109-優,臺北市北投區光明路22號,121.4993379,25.1322183,ArcGIS:PointAddress(100),"台北市北投區中央里光明路22號, 11246"
148,臺北市政府社會局委託馬偕醫護管理專科學校經營管理臺北市關渡托嬰中心,北投區,臺北市北投區知行路212號2樓(關渡國中內),(02)28581758,40,40,108-甲,臺北市北投區知行路212號,121.4673575,25.1198941,ArcGIS:PointAddress(100),"台北市北投區關渡里知行路212號, 11260"
149,臺北市政府社會局委託社團法人中華婦幼健康促進發展協會經營管理臺北市奇岩托嬰中心,北投區,臺北市北投區磺港路273號1樓,(02)28982327,45,45,,臺北市北投區磺港路273號,121.5033738,25.1230628,ArcGIS:PointAddress(100),"台北市北投區奇岩里磺港路273號, 11266"
150,臺北市政府社會局委託財團法人彭婉如文教基金會經營管理臺北市北投社區公共托育家園,北投區,臺北市北投區中央北路1段73號2樓(北投國小白宮),(02)28962977,12,12,111-甲,臺北市北投區中央北路一段73號,121.5002936,25.1341869,ArcGIS:PointAddress(100),"台北市北投區大同里中央北路一段73號, 11263"
151,臺北市政府社會局委託財團法人彭婉如文教基金會經營管理臺北市桃源社區公共托育家園,北投區,臺北市北投區中央北路3段40巷45號1樓(桃源國小),(02)28931077,12,12,111-優,臺北市北投區中央北路三段40巷45號,121.4845111,25.139645,ArcGIS:PointAddress(100),"台北市北投區桃源里中央北路三段40巷45號, 11257"
152,臺北市政府社會局委託臺北市嬰幼兒托育協會經營管理臺北市文北社區公共托育家園,北投區,臺北市北投區文林北路75巷61號1樓,(02)28280362,12,12,109-甲,臺北市北投區文林北路75巷61號,121.5176085,25.1036278,ArcGIS:PointAddress(100),"台北市北投區建民里文林北路75巷61號, 11287"
153,臺北市政府社會局委託臺北市嬰幼兒托育協會經營管理臺北市洲美社區公共托育家園,北投區,臺北市北投區福美路221號1樓,(02)28280372,12,12,109-優,臺北市北投區福美路221號,121.5040284,25.100242,ArcGIS:PointAddress(100),"台北市北投區洲美里福美路221號, 11237"
154,臺北市政府社會局委託臺北市嬰幼兒托育協會經營管理臺北市稻香社區公共托育家園,北投區,臺北市北投區稻香路83號,(02)28988036,12,12,,臺北市北投區稻香路83號,121.4890151,25.1410085,ArcGIS:PointAddress(100),"台北市北投區稻香里稻香路83號, 11256"
155,臺北市私立快樂托嬰中心,內湖區,臺北市內湖區民權東路6段282號2樓,(02)26321036,30,30,110-乙,臺北市內湖區民權東路六段282號,121.6051419,25.0722125,ArcGIS:PointAddress(100),"台北市內湖區葫洲里民權東路六段282號, 11483"
156,臺北市私立小小百合蒙特梭利托嬰中心,內湖區,臺北市內湖區星雲街36號1樓及夾層樓,(02)27938049,20,20,110-甲,臺北市內湖區星雲街36號,121.5911951,25.0783787,ArcGIS:PointAddress(100),"台北市內湖區紫星里星雲街36號, 11462"
157,臺北市私立嘉霙托嬰中心,內湖區,臺北市內湖區陽光街150號1樓,(02)87972299,25,25,111-甲,臺北市內湖區陽光街150號,121.5826847,25.0751222,ArcGIS:PointAddress(100),"台北市內湖區瑞陽里陽光街150號, 11468"
158,臺北市私立斑比諾托嬰中心,內湖區,臺北市內湖區民權東路6段190號1樓,(02)27923235,58,57,111-甲,臺北市內湖區民權東路六段190號,121.5942294,25.0686076,ArcGIS:PointAddress(100),"台北市內湖區寶湖里民權東路六段190號, 11490"
159,臺北市私立愛德芬托嬰中心,內湖區,臺北市內湖區民權東路6段296巷48之3號1樓,(02)26338731,18,15,109-乙,臺北市內湖區民權東路六段296巷48之3號,121.6077722,25.0711335,ArcGIS:PointAddress(96),"台北市內湖區葫洲里民權東路六段296巷48號, 11483"
160,臺北市私立維多爾托嬰中心,內湖區,臺北市內湖區民權東路6段296巷41號及41-1號1樓,(02)26346475,40,40,110-甲,臺北市內湖區民權東路六段296巷41號,121.6066542,25.0716805,ArcGIS:PointAddress(100),"台北市內湖區葫洲里民權東路六段296巷41號, 11483"
161,臺北市私立愛寶貝內湖園托嬰中心,內湖區,臺北市內湖區內湖路2段271號及273號1-2樓,(02)27962488,40,36,111-甲,臺北市內湖區內湖路二段271號,121.5904261,25.0822325,ArcGIS:PointAddress(100),"台北市內湖區內湖里內湖路二段271號, 11464"
162,臺北市私立艾兒嘉托嬰中心,內湖區,臺北市內湖區民權東路6段296巷66之2號1樓,(02)26310095,33,33,111-甲,臺北市內湖區民權東路六段296巷66之2號,121.608451,25.0705576,ArcGIS:PointAddress(96),"台北市內湖區葫洲里民權東路六段296巷66號, 11483"
163,臺北市私立永寶兒托嬰中心,內湖區,臺北市內湖區民權東路6段180巷6號2樓,(02)87925533,160,35,111-乙,臺北市內湖區民權東路六段180巷6號,121.5926491,25.0681963,ArcGIS:PointAddress(100),"台北市內湖區寶湖里民權東路六段180巷6號, 11490"
164,臺北市私立一貳三托嬰中心,內湖區,臺北市內湖區金莊路26號1樓,(02)27908009,33,33,111-甲,臺北市內湖區金莊路26號,121.5877013,25.0622554,ArcGIS:PointAddress(100),"台北市內湖區石潭里金莊路26號, 11469"
165,臺北市私立青穗國際托嬰中心,內湖區,臺北市內湖區東湖路113巷5弄16號1、2樓,(02)26339090,40,38,110-乙,臺北市內湖區東湖路113巷5弄16號,121.6145154,25.0691137,ArcGIS:PointAddress(100),"台北市內湖區安湖里東湖路113巷5弄16號, 11488"
166,臺北市私立藝蘭托嬰中心,內湖區,臺北市內湖區港墘路84號2樓,(02)26279660,29,28,110-乙,臺北市內湖區港墘路84號,121.5776144,25.0806796,ArcGIS:PointAddress(100),"台北市內湖區港都里港墘路84號, 11448"
167,臺北市私立愛力寶寶托嬰中心,內湖區,臺北市內湖區內湖路2段336巷1號及3號1樓,(02)27911133,38,24,,臺北市內湖區內湖路二段336巷1號,121.5891217,25.0814659,ArcGIS:PointAddress(100),"台北市內湖區湖濱里內湖路二段336巷1號, 11449"
168,臺北市私立怡寶內湖科技之星托嬰中心,內湖區,臺北市內湖區瑞光路337號2樓,(02)27995337,69,57,,臺北市內湖區瑞光路337號,121.5755459,25.0778651,ArcGIS:PointAddress(100),"台北市內湖區港墘里瑞光路337號, 11492"
169,臺北市私立凱菲林托嬰中心,內湖區,臺北市內湖區康寧路3段54之7號2樓,(02)26346116,23,11,,臺北市內湖區康寧路三段54之7號,121.6092909,25.0716333,ArcGIS:StreetAddress(99),"台北市內湖區康寧路三段54號, 114046"
170,臺北市私立探險家托嬰中心,內湖區,臺北市內湖區康樂街116號2樓、116之1號2樓、116之2號2樓,(02)26330519,46,5,,臺北市內湖區康樂街116號,121.6190566,25.0710712,ArcGIS:PointAddress(100),"台北市內湖區樂康里康樂街116號, 11480"
171,臺北市政府社會局委託財團法人中華民國唐氏症基金會經營管理臺北市內湖托嬰中心,內湖區,臺北市內湖區內湖路1段659號2樓,(02)77097991,45,45,110-優,臺北市內湖區內湖路一段659號,121.5753351,25.0802574,ArcGIS:PointAddress(100),"台北市內湖區港都里內湖路一段659號, 11444"
172,臺北市政府社會局委託社團法人台北市幼兒園協會辦理臺北市大湖托嬰中心,內湖區,臺北市內湖區大湖山莊街170號1樓(大湖國小溫馨樓),(02)27943017,40,40,108-優,臺北市內湖區大湖山莊街170號,121.6003607,25.0881651,ArcGIS:PointAddress(100),"台北市內湖區大湖里大湖山莊街170號, 11456"
173,臺北市政府社會局委託社團法人臺北市飛亞特全人福利服務文教發展協會經營管理臺北市西湖托嬰中心,內湖區,臺北市內湖區環山路1段25號2樓(西湖國小忠孝樓),(02)87978863,40,40,109-優,臺北市內湖區環山路一段25號,121.5656793,25.0837995,ArcGIS:PointAddress(100),"台北市內湖區西湖里環山路一段25號, 11443"
174,臺北市政府社會局委託社團法人中華兆陽文教發展協會經營管理臺北市潭美托嬰中心,內湖區,臺北市內湖區新明路22號,(02)27926383,45,45,,臺北市內湖區新明路22號,121.5907868,25.0609518,ArcGIS:PointAddress(100),"台北市內湖區石潭里新明路22號, 11470"
175,臺北市政府社會局委託社團法人臺北市幼托協會經營管理臺北市新湖社區公共托育家園,內湖區,臺北市內湖區民權東路6段138號1樓(新湖國小內),(02)27968015,12,12,111-甲,臺北市內湖區民權東路六段138號,121.588719,25.0688275,ArcGIS:PointAddress(100),"台北市內湖區湖興里民權東路六段138號, 11466"
176,臺北市政府社會局委託社團法人中華婦幼健康促進發展協會經營管理臺北市星雲社區公共托育家園,內湖區,臺北市內湖區星雲街161巷3號1樓,(02)87922462,12,12,111-優,臺北市內湖區星雲街161巷3號,121.5961269,25.0811357,ArcGIS:PointAddress(100),"台北市內湖區清白里星雲街161巷3號, 11462"
177,臺北市政府社會局委託社團法人中華婦幼健康促進發展協會經營管理臺北市麗山社區公共托育家園,內湖區,臺北市內湖區港華街100號1樓(麗山國小四維二大樓),(02)87510725,12,12,111-優,臺北市內湖區港華街100號,121.5724693,25.0835095,ArcGIS:PointAddress(100),"台北市內湖區麗山里港華街100號, 11449"
178,臺北市政府社會局委託社團法人臺北市飛亞特全人福利服務文教發展協會經營管理臺北市文湖社區公共托育家園,內湖區,臺北市內湖區文湖街15號2樓(文湖國小內),(02)87978861,12,12,111-優,臺北市內湖區文湖街15號,121.5601313,25.0858319,ArcGIS:PointAddress(100),"台北市內湖區西康里文湖街15號, 11446"
179,臺北市政府社會局委託社團法人中華婦幼健康促進發展協會經營管理臺北市潭美社區公共托育家園,內湖區,臺北市內湖區行善路179號3樓(潭美國小行政樓),(02)27936532,12,12,109-優,臺北市內湖區行善路179號,121.5812301,25.0591298,ArcGIS:PointAddress(100),"台北市內湖區週美里行善路179號, 11469"
180,臺北市政府社會局委託社團法人中華婦幼健康促進發展協會經營管理臺北市瑞光社區公共托育家園,內湖區,臺北市內湖區瑞光路162號2樓,(02)26591991,12,12,111-甲,臺北市內湖區瑞光路162號,121.5792595,25.0734348,ArcGIS:PointAddress(100),"台北市內湖區湖元里瑞光路162號, 11491"
181,臺北市私立小狀元托嬰中心(原名稱:小斑馬托嬰中心；我們的南港托嬰中心),南港區,臺北市南港區市民大道8段369號2樓之1,(02)27885829,25,8,109-乙,臺北市南港區市民大道八段369號,121.6082773,25.0536236,ArcGIS:PointAddress(100),"台北市南港區南港里市民大道八段369號, 11568"
182,臺北市私立愛寶貝南港園托嬰中心,南港區,臺北市南港區研究院路1段49號及51號1樓,(02)26512407,40,40,110-甲,臺北市南港區研究院路一段49號,121.6166325,25.0532618,ArcGIS:PointAddress(100),"台北市南港區新富里研究院路一段49號, 11571"
183,臺北市私立荳寶托嬰中心,南港區,臺北市南港區興南街50號及52巷1號1樓,(02)27835265,35,28,110-甲,臺北市南港區興南街50號,121.6036212,25.0569364,ArcGIS:PointAddress(100),"台北市南港區東新里興南街50號, 11551"
184,臺北市私立中研斑比亞托嬰中心(社團法人臺北市兒童暨少年全方位發展協會辦理),南港區,臺北市南港區研究院路2段61巷9號1樓,(02)26538812,40,35,,臺北市南港區研究院路二段61巷9號,121.6169588,25.0443673,ArcGIS:PointAddress(100),"台北市南港區中研里研究院路二段61巷9號, 11565"
185,臺北市私立愛寶貝南軟園托嬰中心,南港區,臺北市南港區南港路1段2巷27號,(02)27834082,32,32,,臺北市南港區南港路一段2巷27號,121.6200581,25.055806,ArcGIS:PointAddress(100),"台北市南港區三重里南港路一段2巷27號, 11568"
186,臺北市政府社會局委託社團法人新北市國際兒童教育協會辦理臺北市南港托嬰中心,南港區,臺北市南港區東新街65號2樓(成德國小四維樓),(02)27856838,40,40,109-優,臺北市南港區東新街65號,121.5868742,25.0468925,ArcGIS:PointAddress(100),"台北市南港區聯成里東新街65號, 11556"
187,臺北市政府社會局委託社團法人新北市中華國際嬰幼兒發展學會經營管理臺北市舊莊社區公共托育家園,南港區,臺北市南港區舊莊街1段100號1樓(舊莊國小忠孝樓),(02)27883976,12,12,111-甲,臺北市南港區舊莊街一段100號,121.6195754,25.0402691,ArcGIS:PointAddress(100),"台北市南港區舊莊里舊莊街一段100號, 11572"
188,臺北市政府社會局委託社團法人中華婦幼健康促進發展協會經營管理臺北市玉成社區公共托育家園,南港區,臺北市南港區向陽路31號1樓(玉成國小和平樓),(02)26530800,12,12,110-優,臺北市南港區向陽路31號,121.5947572,25.0536145,ArcGIS:PointAddress(100),"台北市南港區西新里向陽路31號, 11551"
189,臺北市政府社會局委託社團法人中華兆陽文教發展協會經營管理臺北市東明托嬰中心,南港區,臺北市南港區南港路2段60巷17號,(02)27853848,40,40,111-優,臺北市南港區南港路二段60巷17號,121.6044615,25.0546666,ArcGIS:PointAddress(100),"台北市南港區東明里南港路二段60巷17號, 11553"
190,臺北市政府社會局委託社團法人中華兆陽文教發展協會經營管理臺北市小彎社區公共托育家園,南港區,臺北市南港區向陽路250號1樓,(02)27836583,12,12,,臺北市南港區向陽路250號,121.5933464,25.057784,ArcGIS:PointAddress(100),"台北市南港區重陽里向陽路250號, 11551"
191,臺北市私立育德興隆托嬰中心,文山區,臺北市文山區興隆路2段61巷6號2樓,(02)29303666,50,50,111-甲,臺北市文山區興隆路二段61巷6號,121.5459583,24.9991744,ArcGIS:PointAddress(100),"台北市文山區興豐里興隆路二段61巷6號, 11687"
192,臺北市私立芳馨園木柵托嬰中心,文山區,臺北市文山區久康街24巷36號1樓及38號1樓,(02)29386090,32,31,111-甲,臺北市文山區久康街24巷36號,121.5663245,24.9892299,ArcGIS:PointAddress(100),"台北市文山區木柵里久康街24巷36號, 11649"
193,臺北市私立幸福家托嬰中心(原名稱:臺北市私立恩予文山托嬰中心),文山區,臺北市文山區新光路1段31巷1號1樓,(02)29390678,24,22,111-乙,臺北市文山區新光路一段31巷1號,121.5742619,24.9897004,ArcGIS:PointAddress(100),"台北市文山區萬興里新光路一段31巷1號, 11652"
194,臺北市私立馥葆托嬰中心,文山區,臺北市文山區木新路2段161巷24弄2號1至2樓,(02)29388800,28,26,110-乙,臺北市文山區木新路二段161巷24弄2號,121.5692247,24.982603,ArcGIS:PointAddress(100),"台北市文山區木新里木新路二段161巷24弄2號, 11657"
195,臺北市私立愛兒福托嬰中心,文山區,臺北市文山區辛亥路4段252巷8號及8之1號1樓,(02)29311099,19,19,110-甲,臺北市文山區辛亥路四段252巷8號,121.5542722,25.0016521,ArcGIS:PointAddress(100),"台北市文山區興泰里辛亥路四段252巷8號, 11692"
196,臺北市私立樂娃兒托嬰中心,文山區,臺北市文山區羅斯福路6段159巷1弄18號,(02)29315288,40,40,109-甲,臺北市文山區羅斯福路六段159巷1弄18號,121.5410444,24.9981667,ArcGIS:PointAddress(100),"台北市文山區萬有里羅斯福路六段159巷1弄18號, 11670"
197,臺北市私立陽光夥伴托嬰中心,文山區,臺北市文山區保儀路62之3號1樓及夾層,(02)2939-0290,28,28,110-乙,臺北市文山區保儀路62之3號,121.5685169,24.9877274,ArcGIS:StreetAddress(99),"台北市文山區保儀路62號, 116010"
198,臺北市私立樂萌兒托嬰中心,文山區,臺北市文山區木新路2段11號1樓及2樓,(02)29390569,48,45,110-甲,臺北市文山區木新路二段11號,121.5709822,24.9874235,ArcGIS:PointAddress(100),"台北市文山區木新里木新路二段11號, 11664"
199,臺北市私立滬江高級中學附設員工子女托嬰中心,文山區,臺北市文山區羅斯福路6段336號,(02)86631122,40,28,111-甲,臺北市文山區羅斯福路六段336號,121.5391659,24.9897813,ArcGIS:PointAddress(100),"台北市文山區景美里羅斯福路六段336號, 11674"
200,臺北市私立艾貝兒托嬰中心,文山區,臺北市文山區汀州路4段199號1樓,(02)29320062,40,37,,臺北市文山區汀州路四段199號,121.5357046,25.0032157,ArcGIS:PointAddress(100),"台北市文山區萬和里汀州路四段199號, 11676"
201,臺北市私立嘉樂托嬰中心,文山區,臺北市文山區辛亥路7段3之1號,(02)22360369,26,25,,臺北市文山區辛亥路七段3之1號,121.5524788,24.987431,ArcGIS:StreetAddress(99),"台北市文山區辛亥路七段3號, 116003"
202,臺北市私立貝格爾樂佩托嬰中心,文山區,臺北市文山區一壽街58號1樓,(02)29376901,30,25,,臺北市文山區一壽街58號,121.5560211,24.9791219,ArcGIS:PointAddress(100),"台北市文山區樟新里一壽街58號, 11659"
203,臺北市政府社會局委託社團法人台北市兒童托育協會經營管理臺北市文山托嬰中心,文山區,臺北市文山區木柵路1段177號2樓,(02)22361388,40,40,110-優,臺北市文山區木柵路一段177號,121.5509918,24.9877669,ArcGIS:PointAddress(100),"台北市文山區華興里木柵路一段177號, 11645"
204,臺北市政府社會局委託中華民國蒙特梭利教師協會辦理臺北市景美托嬰中心,文山區,臺北市文山區羅斯福路6段455巷20、22、26、28號1至2樓及景文街106之1號2樓,(02)86635692,45,45,111-優,臺北市文山區羅斯福路六段455巷20號,121.540591,24.9900095,ArcGIS:PointAddress(100),"台北市文山區景行里羅斯福路六段455巷20號, 11670"
205,臺北市政府社會局委託耕莘健康管理專科學校經營管理臺北市興隆托嬰中心,文山區,臺北市文山區興隆路4段105巷49號,(02)29374896,40,40,109-甲,臺北市文山區興隆路四段105巷49號,121.5631098,24.9880952,ArcGIS:PointAddress(100),"台北市文山區明義里興隆路四段105巷49號, 11646"
206,臺北市政府社會局委託中華民國蒙特梭利學會經營管理臺北市興華社區公共托育家園,文山區,臺北市文山區興隆路3段125巷6號2樓(興華國小科學樓),(02)22305993,12,12,111-甲,臺北市文山區興隆路三段125巷6號,121.5586753,24.9988457,ArcGIS:PointAddress(100),"台北市文山區興光里興隆路三段125巷6號, 11696"
207,臺北市政府社會局委託社團法人新北市大愛關懷協會經營管理臺北市萬隆社區公共托育家園,文山區,臺北市文山區汀州路4段207號1樓,(02)29320443,12,12,111-甲,臺北市文山區汀州路四段207號,121.5360082,25.0031363,ArcGIS:PointAddress(100),"台北市文山區萬和里汀州路四段207號, 11676"
208,臺北市政府社會局委託社團法人台灣真善美幼兒教育協會經營管理臺北市武功社區公共托育家園,文山區,臺北市文山區興隆路1段68號(武功國小內),(02)29300388,12,12,111-甲,臺北市文山區興隆路一段68號,121.5404899,25.0038895,ArcGIS:PointAddress(100),"台北市文山區萬祥里興隆路一段68號, 11681"
209,臺北市政府社會局委託耕莘健康管理專科學校經營管理臺北市忠順社區公共托育家園,文山區,臺北市文山區興隆路4段109巷30弄6號(老人自費安養中心內),(02)29362221,12,12,111-優,臺北市文山區興隆路四段109巷30弄6號,121.5621759,24.9866089,ArcGIS:PointAddress(100),"台北市文山區忠順里興隆路四段109巷30弄6號, 11646"
210,臺北市政府社會局委託社團法人台灣真善美幼兒教育協會經營管理臺北市萬芳社區公共托育家園,文山區,臺北市文山區萬和街1號1樓(萬芳國小內),(02)22302627,12,12,111-甲,臺北市文山區萬和街1號,121.5675724,25.0013153,ArcGIS:PointAddress(100),"台北市文山區萬美里萬和街1號, 11653"
211,臺北市政府社會局委託社團法人新北市大愛關懷協會經營管理臺北市興隆社區公共托育家園,文山區,臺北市文山區福興路2號1樓(興隆國小蒼松樓1樓),(02)89315966,12,12,111-甲,臺北市文山區福興路2號,121.5519157,25.0024164,ArcGIS:PointAddress(100),"台北市文山區興旺里福興路2號, 11692"
212,臺北市政府社會局委託社團法人新北市大愛關懷協會經營管理臺北市萬福社區公共托育家園,文山區,臺北市文山區羅斯福路5段170巷32號1樓(萬福國小蒼松樓),(02)29349616,12,12,111-甲,臺北市文山區羅斯福路五段170巷32號,121.5367421,25.0048205,ArcGIS:PointAddress(100),"台北市文山區萬年里羅斯福路五段170巷32號, 11676"
213,臺北市政府社會局委託台北市教保人員協會經營管理臺北市永建社區公共托育家園,文山區,臺北市文山區木柵路1段311巷1號1樓(永建國小內),(02)29392022,12,12,109-甲,臺北市文山區木柵路一段311巷1號,121.5558802,24.9891859,ArcGIS:PointAddress(100),"台北市文山區華興里木柵路一段311巷1號, 11645"
214,臺北市政府社會局委託社團法人新北市大愛關懷協會經營管理臺北市辛亥社區公共托育家園,文山區,臺北市文山區辛亥路4段103號2樓(辛亥國小南棟),(02)86631134,12,12,109-甲,臺北市文山區辛亥路四段103號,121.5585495,25.0062861,ArcGIS:PointAddress(100),"台北市文山區興昌里辛亥路四段103號, 11693"
215,臺北市政府社會局委託中華民國蒙特梭利教師協會經營管理臺北市溪口社區公共托育家園,文山區,臺北市文山區景福街225號1樓(溪口國小敬業樓),(02)29330337,12,12,111-甲,臺北市文山區景福街225號,121.538745,24.994114,ArcGIS:PointAddress(100),"台北市文山區景慶里景福街225號, 11673"
