機構類型,機構名稱,郵遞區號,地址,電話,定位用地址,經度,緯度
私立托嬰中心,臺北市私立怡寶優質托嬰中心,111044,臺北市士林區文林路740巷9弄24號1樓,(02)28358158,臺北市士林區文林路740巷9弄24號,,
私立托嬰中心,臺北市私立怡寶托嬰中心,111032,臺北市士林區中山北路5段852號1樓,(02)28361115,臺北市士林區中山北路五段852號,,
私立托嬰中心,臺北市私立怡寶資優托嬰中心,111044,臺北巿士林區文林路740巷9弄2號1樓,(02)28359188,臺北市士林區文林路740巷9弄2號,,
私立托嬰中心,臺北市私立春田托嬰中心,111046,臺北市士林區磺溪街88巷6號1樓,(02)28366515,臺北市士林區磺溪街88巷6號,,
私立托嬰中心,臺北市私立萌語天母托嬰中心,111048,臺北市士林區中山北路6段405巷70號1樓,(02)28718988,臺北市士林區中山北路六段405巷70號,,
私立托嬰中心,臺北市私立春田天母托嬰中心,111017,臺北市士林區忠誠路2段32巷9號1樓,(02)28348523,臺北市士林區忠誠路二段32巷9號,,
私立托嬰中心,臺北市私立怡寶質優托嬰中心,111059,臺北市士林區前港街88號1樓,(02)28810088,臺北市士林區前港街88號,,
私立托嬰中心,臺北市私立長藤托嬰中心,111066,臺北市士林區葫蘆街140號1樓,(02)28136942,臺北市士林區葫蘆街140號,,
私立托嬰中心,臺北市私立維薆托嬰中心,111017,臺北市士林區忠誠路2段70巷13弄1號1樓,(02)28313391,臺北市士林區忠誠路二段70巷13弄1號,,
私立托嬰中心,臺北市私立小熊搖籃天母一館托嬰中心,111047,臺北市士林區天母西路48號1、2樓,(02)28764468,臺北市士林區天母西路48號,,
私立托嬰中心,臺北市私立好來天母托嬰中心,111035,臺北市士林區士東路244號1樓,(02)28718697,臺北市士林區士東路244號,,
私立托嬰中心,臺北市私立孩子國萌寶托嬰中心,111052,臺北市士林區承德路4段187號1樓,(02)28881541,臺北市士林區承德路四段187號,,
私立托嬰中心,臺北市私立雨聲托嬰中心（社團法人新北市嬰幼兒托育協會辦理）,111024,臺北市士林區雨聲街105號1樓（宿舍大樓西側1樓）,(02)28315601,臺北市士林區雨聲街105號,,
私立托嬰中心,臺北市私立幼天才托嬰中心,111056,臺北市士林區華齡街180號及182號1樓,(02)88611580,臺北市士林區華齡街180號,,
私立托嬰中心,臺北市私立微笑音符托嬰中心,111038,臺北市士林區中山北路7段14巷9號1樓,(02)28756696,臺北市士林區中山北路七段14巷9號,,
私立托嬰中心,臺北市私立怡寶士林官邸托嬰中心,111005,臺北市士林區中山北路5段520號1樓,(02)28883520,臺北市士林區中山北路五段520號,,
私立托嬰中心,臺北市私立太和蒙特梭利托嬰中心,111039,臺北市士林區中山北路7段14巷30弄20號1樓,(02)28716820,臺北市士林區中山北路七段14巷30弄20號,,
私立托嬰中心,臺北市私立長藤幼苗托嬰中心,111067,臺北市士林區中正路655巷6號及8號1樓,(02)28162958,臺北市士林區中正路655巷6號,,
私立托嬰中心,臺北市私立日和蒙特梭利托嬰中心,111047,臺北市士林區中山北路6段441巷46弄5號1、2 樓,(02)28760176,臺北市士林區中山北路六段441巷46弄5號,,
私立托嬰中心,臺北市私立蘭瑛托嬰中心,111018,臺北市士林區德行東路74巷22號1樓,(02)28333030,臺北市士林區德行東路74巷22號,,
私立托嬰中心,臺北市私立蘇培兒托嬰中心,111074,臺北市士林區社中街422號1樓及2樓,(02)28116565,臺北市士林區社中街422號,,
私立托嬰中心,臺北市私立萌薆托嬰中心,111028,臺北巿士林區士東路120巷22弄1號1樓,(02)28360083,臺北市士林區士東路120巷22弄1號,,
私立托嬰中心,臺北市私立怡寶美好時光托嬰中心,111044,臺北市士林區文林路740巷11號1樓,(02)28360711,臺北市士林區文林路740巷11號,,
私立托嬰中心,臺北市私立天母蒙特梭利托嬰中心,111051,臺北市士林區天玉街7號,(02)28740007,臺北市士林區天玉街7號,,
私立托嬰中心,臺北市私立蘭瑛寶貝托嬰中心,111022,臺北市士林區忠義街94號1樓,(02)28337373,臺北市士林區忠義街94號,,
私立托嬰中心,臺北市私立宜樂托嬰中心,103041,臺北市大同區重慶北路3段24號2樓,(02)25961237,臺北市大同區重慶北路三段24號,,
私立托嬰中心,臺北市私立海王子托嬰中心,103004,臺北市大同區延平北路2段278號3樓、3樓之3,(02)25531988,臺北市大同區延平北路二段278號,,
私立托嬰中心,臺北市私立喜樂大同托嬰中心,103043,臺北市大同區重慶北路3段252巷2號2樓,(02)25850805,臺北市大同區重慶北路三段252巷2號,,
私立托嬰中心,臺北市私立小育龍延平托嬰中心,103006,臺北市大同區延平北路2段242號2樓之1,(02)25573488,臺北市大同區延平北路二段242號,,
私立托嬰中心,臺北市私立安安堡托嬰中心,103006,臺北市大同區延平北路2段124號2樓,(02)25505569,臺北市大同區延平北路二段124號,,
私立托嬰中心,臺北市私立人愛托嬰中心,106094,臺北市大安區信義路3段147巷15弄27之1號1樓,(02)27093131,臺北市大安區信義路三段147巷15弄27之1號,,
私立托嬰中心,臺北市私立寶兒女成長園地托嬰中心,106030,臺北市大安區復興南路2段180巷4號1樓,(02)27051331,臺北市大安區復興南路二段180巷4號,,
私立托嬰中心,臺北市私立菲力兒托嬰中心,106066,臺北市大安區信義路4段265巷20弄20號1樓,(02)27545200,臺北市大安區信義路四段265巷20弄20號,,
私立托嬰中心,臺北市私立廣蕎托嬰中心,106054,臺北市大安區通化街176巷8號2樓,(02)23778185,臺北市大安區通化街176巷8號,,
私立托嬰中心,臺北市私立陽陽托嬰中心,106060,臺北市大安區仁愛路4段151巷25號3樓,(02)27213456,臺北市大安區仁愛路四段151巷25號,,
私立托嬰中心,臺北市私立陽光小屋托嬰中心,106098,臺北市大安區瑞安街31巷5之2號1樓,(02)27551866,臺北市大安區瑞安街31巷5之2號,,
私立托嬰中心,臺北市私立小磊心托嬰中心,106096,臺北市大安區四維路76巷15號1樓,(02)27001189,臺北市大安區四維路76巷15號,,
私立托嬰中心,臺北市私立吉事達康博喜托嬰中心,106034,臺北市大安區敦化南路2段200巷20號1樓及22號1樓,(02)27381616,臺北市大安區敦化南路二段200巷20號,,
私立托嬰中心,臺北市私立華康托嬰中心,106007,臺北市大安區金華街223之5號及223之9號2樓,(02)23914431,臺北市大安區金華街223之5號,,
私立托嬰中心,臺北市私立朗樂托嬰中心,106079,臺北市大安區光復南路180巷10號1樓,(02)27755469,臺北市大安區光復南路180巷10號,,
私立托嬰中心,臺北市私立幸福暖陽托嬰中心,106010,臺北市大安區金華街164巷1弄6號1樓,(02)23936266,臺北市大安區金華街164巷1弄6號,,
私立托嬰中心,臺北市私立亞瑟王皇家托嬰中心,106004,臺北市大安區潮州街108號1樓,(02)23584018,臺北市大安區潮州街108號,,
私立托嬰中心,臺北市私立滿兒圓蒙特梭利托嬰中心,106066,臺北市大安區安和路1段135巷14號1樓,(02)27543196,臺北市大安區安和路一段135巷14號,,
私立托嬰中心,臺北市私立沐樂托嬰中心,106098,臺北市大安區復興南路2段111巷17弄4號1樓,(02)27550292,臺北市大安區復興南路二段111巷17弄4號,,
私立托嬰中心,臺北市私立璽愛托嬰中心,106082,臺北巿大安區忠孝東路3段251巷4弄8號1樓,(02)27525968,臺北市大安區忠孝東路三段251巷4弄8號,,
私立托嬰中心,臺北市私立勁寶兒大安托嬰中心,106094,臺北巿大安區信義路3段147巷15弄27之1號2樓,(02)27014094,臺北市大安區信義路三段147巷15弄27之1號,,
私立托嬰中心,臺北市私立萌語托嬰中心,106422,臺北市大安區安和路2段70號2樓之5,(02)27030888,臺北市大安區安和路二段70號,,
私立托嬰中心,臺北市私立芭蒂恩蒙氏家園托嬰中心,106026,臺北市大安區新生南路3段19巷3之1號1樓,(02)23631538,臺北市大安區新生南路三段19巷3之1號,,
私立托嬰中心,臺北市私立萌語信義托嬰中心,106068,臺北市大安區信義路4段265巷31弄26號1樓,(02)27015880,臺北市大安區信義路四段265巷31弄26號,,
私立托嬰中心,臺北市私立鑫田托嬰中心,106098,臺北市大安區大安路2段100號1樓,(02)27039888,臺北市大安區大安路二段100號,,
私立托嬰中心,臺北市私立小天心托嬰中心,106014,臺北市大安區師大路86巷4號1樓,(02)23678146,臺北市大安區師大路86巷4號,,
私立托嬰中心,臺北市私立新生蒙特梭利托嬰中心,106084,臺北市大安區新生南路1段103巷7之1號1樓,(02)27500032,臺北市大安區新生南路一段103巷7之1號,,
私立托嬰中心,臺北市私立以愛托嬰中心,106011,臺北市大安區和平東路1段183巷3弄2之1號1樓,(02)23910805,臺北市大安區和平東路一段183巷3弄2之1號,,
私立托嬰中心,臺北市私立凱瑞莎青田托嬰中心,106010,臺北市大安區青田街6之3號1樓,(02)23213999,臺北市大安區青田街6之3號,,
私立托嬰中心,臺北市私立橘子樹寶貝托嬰中心,106025,臺北市大安區瑞安街155巷2號1樓,(02)27048288,臺北市大安區瑞安街155巷2號,,
私立托嬰中心,臺北市私立采侑托嬰中心,106019,臺北市大安區羅斯福路3段333巷9號2樓及11號2樓,(02)23681237,臺北市大安區羅斯福路三段333巷9號,,
私立托嬰中心,臺北市私立翻轉學堂托嬰中心,106099,臺北市大安區四維路160巷14號1樓,(02)27045089,臺北市大安區四維路160巷14號,,
私立托嬰中心,臺北市私立天心大安托嬰中心,106021,臺北市大安區新生南路3段86巷23、25號1樓,(02)23635261,臺北市大安區新生南路三段86巷23號,,
私立托嬰中心,臺北市私立幸福日光托嬰中心,106027,臺北市大安區和平東路2段96巷10弄12號及14號1樓,(02)27388987,臺北市大安區和平東路二段96巷10弄12號,,
私立托嬰中心,臺北市私立夏莉絲托嬰中心,106001,臺北市大安區信義路2段44巷12號1樓,(02)23582816,臺北市大安區信義路二段44巷12號,,
私立托嬰中心,臺北市私立萌語大安托嬰中心,106064,臺北市大安區安和路1段112巷22號1樓,(02)27009000,臺北市大安區安和路一段112巷22號,,
私立托嬰中心,臺北市私立小樹蒙特梭利托嬰中心,106042,臺北市大安區樂業街188號1樓,(02)27320909,臺北市大安區樂業街188號,,
私立托嬰中心,臺北市私立巧心托嬰中心,106055,臺北市大安區樂利路11巷29號1樓,(02)27329905,臺北市大安區樂利路11巷29號,,
私立托嬰中心,臺北市私立廣蓉托嬰中心,106052,臺北市大安區通化街249號1樓,(02)27328355,臺北市大安區通化街249號,,
私立托嬰中心,臺北市私立健寶兒長安托嬰中心,104099,臺北市中山區龍江路23號2樓,(02)27116825,臺北市中山區龍江路23號,,
私立托嬰中心,臺北市私立健寶兒英琦托嬰中心,104102,臺北市中山區龍江路40號2樓,(02)27111148,臺北市中山區龍江路40號,,
私立托嬰中心,臺北市私立韋斯登托嬰中心,104081,臺北市中山區合江街105巷16號1樓,(02)25091368,臺北市中山區合江街105巷16號,,
私立托嬰中心,臺北市私立幸福小蒔光托嬰中心,104051,臺北市中山區明水路606巷16號1樓,(02)85015690,臺北市中山區明水路606巷16號,,
私立托嬰中心,臺北市私立松江蒙特梭利托嬰中心,104092,臺北市中山區松江路124巷27號1樓,(02)25681237,臺北市中山區松江路124巷27號,,
私立托嬰中心,臺北市私立萌家園托嬰中心,104050,臺北市中山區樂群三路56號2樓,(02)85015820,臺北市中山區樂群三路56號,,
私立托嬰中心,臺北市私立愛寶貝明水園托嬰中心,104046,臺北市中山區明水路457號1樓,(02)25324766,臺北市中山區明水路457號,,
私立托嬰中心,臺北市私立布萊茲托嬰中心,104083,臺北市中山區合江街100巷11號1樓,(02)25081708,臺北市中山區合江街100巷11號,,
私立托嬰中心,臺北市私立玫瑰花園托嬰中心,104018,臺北市中山區龍江路153號2樓,(02)27129936,臺北市中山區龍江路153號,,
私立托嬰中心,臺北市私立蘊品蒙特梭利托嬰中心,104046,臺北市中山區明水路397巷7弄53號1樓,(02)25322792,臺北市中山區明水路397巷7弄53號,,
私立托嬰中心,臺北市私立龍江媽咪托嬰中心,104063,臺北市中山區龍江路397巷10號1樓,(02)25051725,臺北市中山區龍江路397巷10號,,
私立托嬰中心,臺北市私立愛寶貝大直園托嬰中心,104046,臺北市中山區明水路443號1樓,(02)25336823,臺北市中山區明水路443號,,
私立托嬰中心,臺北市私立大愛托嬰中心,104083,臺北市中山區民生東路3段9巷5號及7號1樓,(02)25065757,臺北市中山區民生東路三段9巷5號,,
私立托嬰中心,臺北市私立漢妮明水園托嬰中心,104046,臺北市中山區明水路397巷7弄43號1樓,(02)85092612,臺北市中山區明水路397巷7弄43號,,
私立托嬰中心,臺北市私立卡兒堡托嬰中心,104052,臺北市中山區基湖路149號1樓,(02)85026776,臺北市中山區基湖路149號,,
私立托嬰中心,臺北市私立璦芯托嬰中心,104018,臺北市中山區中山北路2段116巷9號2樓,(02)25717858,臺北市中山區中山北路二段116巷9號,,
私立托嬰中心,臺北市私立寶貝托嬰中心,104061,臺北市中山區民族東路512巷23號1樓,(02)25090007,臺北市中山區民族東路512巷23號,,
私立托嬰中心,臺北市私立露西亞托嬰中心,104005,臺北市中山區林森北路67巷48號2樓,(02)25318068,臺北市中山區林森北路67巷48號,,
私立托嬰中心,臺北市私立小庭園托嬰中心,104101,臺北市中山區遼寧街63巷30號2樓,(02)27510630,臺北市中山區遼寧街63巷30號,,
私立托嬰機關附設,台灣基督長老教會馬偕醫療財團法人馬偕紀念醫院附設臺北市私立馬偕員工子女托嬰中心,104018,臺北市中山區中山北路2段106之2號2樓,(02)25424203,臺北市中山區中山北路二段106之2號,,
私立托嬰中心,臺北市私立詠欣托嬰中心,104071,臺北市中山區建國北路2段186巷7號、9號1樓,(02)25178218,臺北市中山區建國北路二段186巷7號,,
私立托嬰中心,臺北市私立中山滿天星托嬰中心,104084,臺北市中山區吉林路10巷15號1樓,(02)25239990,臺北市中山區吉林路10巷15號,,
私立托嬰中心,臺北市私立籽兒托嬰中心,104036,臺北市中山區大直街20巷10號1樓,(02)25333449,臺北市中山區大直街20巷10號,,
私立托嬰機關附設,臺北市私立稻江高級護理家事職業學校附設員工子女托嬰中心,104332,臺北市中山區新生北路3段55號,(02)25955161,臺北市中山區新生北路三段55號,,
私立托嬰中心,臺北市私立小幼苗森林托嬰中心,104087,臺北市中山區長春路97號1樓及夾層,(02)25416689,臺北市中山區長春路97號,,
私立托嬰中心,臺北市私立國際勾勾手托嬰中心,104089,臺北市中山區新生北路2段15巷12號1樓,(02)25678881,臺北市中山區新生北路二段15巷12號,,
私立托嬰中心,臺北市私立璽萌托嬰中心,104051,臺北市中山區敬業一路21號1樓,(02)77529898,臺北市中山區敬業一路21號,,
私立托嬰機關附設,全家便利商店股份有限公司附設臺北市私立員工子女托嬰中心,104411,臺北市中山區中山北路2段61號3樓,(02)81816930,臺北市中山區中山北路二段61號,,
私立托嬰中心,臺北市私立安筠托嬰中心(原名稱：小哈利),100028,臺北市中正區南昌路1段145號2樓,(02)33933104,臺北市中正區南昌路一段145號,,
私立托嬰中心,臺北市私立宥緣托嬰中心,100019,臺北市中正區杭州南路1段131巷5號2樓,(02)33225686,臺北市中正區杭州南路一段131巷5號,,
私立托嬰中心,臺北市私立宥宜托嬰中心,100019,臺北市中正區杭州南路1段131巷3號2樓,(02)23587111,臺北市中正區杭州南路一段131巷3號,,
私立托嬰機關附設,立法院附設臺北市私立員工子女托嬰中心(委託社團法人新北市嬰幼兒托育協會經營管理),100221,臺北市中正區青島東路1-3號1樓,(02)23588542,臺北市中正區青島東路1之3號,,
私立托嬰中心,臺北市私立維棠托嬰中心,100022,臺北市中正區臨沂街24巷6號1樓,(02)23938080,臺北市中正區臨沂街24巷6號,,
私立托嬰中心,臺北市私立小天心東門托嬰中心,100015,臺北市中正區新生南路1段170巷14之11號1樓,(02)23435082,臺北市中正區新生南路一段170巷14之11號,,
私立托嬰中心,臺北市私立家森寶貝托嬰中心,100040,臺北市中正區南昌路2段27號1樓,(02)23225975,臺北市中正區南昌路二段27號,,
私立托嬰中心,臺北市私立小天心晴晴托嬰中心,100033,臺北市中正區師大路176號1樓,(02)23675580,臺北市中正區師大路176號,,
私立托嬰中心,臺北市私立萌芽托嬰中心,100053,臺北市中正區廈門街10號1樓,(02)23685881,臺北市中正區廈門街10號,,
私立托嬰中心,臺北市私立樂寶托嬰中心,100025,臺北市中正區林森南路101號及101號之一1樓,(02)23581556,臺北市中正區林森南路101號,,
私立托嬰中心,臺北市私立小天心壹壹托嬰中心,100041,臺北市中正區晉江街115號1樓,(02)23650251,臺北市中正區晉江街115號,,
私立托嬰中心,臺北市私立小天心菲菲托嬰中心,100019,臺北市中正區杭州南路1段131巷27號1樓,(02)23510530,臺北市中正區杭州南路一段131巷27號,,
私立托嬰中心,臺北市私立小天心君君托嬰中心,100015,臺北市中正區新生南路1段150巷6號,(02)23432150,臺北市中正區新生南路一段150巷6號,,
私立托嬰中心,臺北市私立快樂托嬰中心,114043,臺北市內湖區民權東路6段282號2樓,(02)26321036,臺北市內湖區民權東路六段282號,,
私立托嬰中心,臺北市私立小小百合蒙特梭利托嬰中心,114022,臺北市內湖區星雲街36號1樓及夾層樓,(02)27938049,臺北市內湖區星雲街36號,,
私立托嬰中心,臺北市私立葛瑞兔托嬰中心,114021,臺北市內湖區金湖路19號1樓,(02)27929558,臺北市內湖區金湖路19號,,
私立托嬰中心,臺北市私立粒寶托嬰中心,114002,臺北市內湖區環山路1段24巷8號1樓及2樓,(02)87975200,臺北市內湖區環山路一段24巷8號,,
私立托嬰中心,臺北市私立拉斐爾托嬰中心,114043,臺北市內湖區民權東路6段296巷87號1樓,(02)26307001,臺北市內湖區民權東路六段296巷87號,,
私立托嬰中心,臺北市私立瑞比托嬰中心,114028,臺北市內湖區陽光街150號1樓,(02)87972299,臺北市內湖區陽光街150號,,
私立托嬰中心,臺北市私立卡兒堡艾瑪托嬰中心,114043,臺北市內湖區民權東路6段296巷31弄4號2樓,(02)26327322,臺北市內湖區民權東路六段296巷31弄4號,,
私立托嬰中心,臺北市私立斑比托嬰中心,114036,臺北市內湖區民權東路6段190號1、2樓,(02)27923235,臺北市內湖區民權東路六段190號,,
私立托嬰中心,臺北市私立愛德芬托嬰中心,114043,臺北市內湖區民權東路6段296巷48之3號1樓,(02)26338731,臺北市內湖區民權東路六段296巷48之3號,,
私立托嬰中心,臺北市私立勁寶兒文德托嬰中心,114052,臺北市內湖區星雲街171號及夾層、173號1樓及夾層,(02)26270228,臺北市內湖區星雲街171號,,
私立托嬰中心,臺北市私立維多爾托嬰中心,114043,臺北市內湖區民權東路6段296巷41號及41-1號1樓,(02)26346475,臺北市內湖區民權東路六段296巷41號,,
私立托嬰中心,臺北市私立愛寶貝內湖園托嬰中心,114024,臺北市內湖區內湖路2段271號及273號1樓至2樓,(02)27962488,臺北市內湖區內湖路二段271號,,
私立托嬰中心,臺北市私立艾兒嘉托嬰中心,114043,臺北市內湖區民權東路6段296巷66之2號1樓,(02)26310095,臺北市內湖區民權東路六段296巷66之2號,,
私立托嬰中心,臺北市私立永寶兒托嬰中心,114708,臺北市內湖區民權東路6段180巷6號2樓,(02)87925533,臺北市內湖區民權東路六段180巷6號,,
私立托嬰中心,臺北市私立一貳三托嬰中心,114057,臺北市內湖區金莊路26號1樓,(02)27908009,臺北市內湖區金莊路26號,,
私立托嬰中心,臺北市私立璽典托嬰中心,114057,臺北市內湖區石潭路61號1樓,(02)27948802,臺北市內湖區石潭路61號,,
私立托嬰中心,臺北市私立青穗國際托嬰中心,114048,臺北市內湖區東湖路113巷5弄16號1、2樓,(02)26339090,臺北市內湖區東湖路113巷5弄16號,,
私立托嬰中心,臺北市私立乖寶寶蒙特梭利內湖園托嬰中心,114032,臺北市內湖區成功路2段450號、450號2樓,(02)26585011,臺北市內湖區成功路二段450號,,
私立托嬰中心,臺北市私立藝蘭托嬰中心,114008,臺北市內湖區港墘路84號2樓,(02)26279660,臺北市內湖區港墘路84號,,
私立托嬰中心,臺北市私立小幼苗托嬰中心,114022,臺北市內湖區星雲街99號1樓,(02)27904747,臺北市內湖區星雲街99號,,
私立托嬰中心,臺北市私立碧湖托嬰中心,114023,臺北市內湖區內湖路2段103巷64號1樓,(02)27996626,臺北市內湖區內湖路二段103巷64號,,
私立托嬰中心,臺北市私立愛力寶寶托嬰中心,114023,臺北市內湖區內湖路2段336巷1號及3號1樓,(02)27911133,臺北市內湖區內湖路二段336巷1號,,
私立托嬰中心,臺北市私立怡寶瑞光托嬰中心,114063,臺北市內湖區瑞光路337號2樓,(02)27995337,臺北市內湖區瑞光路337號,,
私立托嬰中心,臺北市私立大湖日光托嬰中心,114041,臺北巿內湖區大湖街166巷10號1、2樓,(02)27921908,臺北市內湖區大湖街166巷10號,,
私立托嬰中心,臺北市私立凱菲林托嬰中心,114060,臺北市內湖區康寧路3段54之7號2樓,(02)26346116,臺北市內湖區康寧路三段54之7號,,
私立托嬰中心,臺北市私立澳森托嬰中心,114004,臺北市內湖區內湖路1段387巷3弄4號1樓及夾層,(02)26275031,臺北市內湖區內湖路一段387巷3弄4號,,
私立托嬰中心,臺北市私立東湖站托嬰中心,114033,臺北市內湖區康樂街116號2樓、116之1號2樓、116之2號2樓,(02)26336829,臺北市內湖區康樂街116號,,
私立托嬰中心,臺北市私立創極致托嬰中心,114057,臺北市內湖區金莊路92號1樓,(02)27955258,臺北市內湖區金莊路92號,,
私立托嬰中心,臺北市私立澳森文德托嬰中心,114053,臺北市內湖區文德路210巷8之3號1樓及2樓,(02)27990139,臺北市內湖區文德路210巷8之3號,,
私立托嬰中心,臺北市私立育德興隆托嬰中心,116069,臺北市文山區興隆路2段61巷6號2樓,(02)29303666,臺北市文山區興隆路二段61巷6號,,
私立托嬰中心,臺北市私立勁寶兒公館托嬰中心,116063,臺北市文山區萬盛街40號及42號1樓,(02)86631137,臺北市文山區萬盛街40號,,
私立托嬰中心,臺北市私立芳馨園木柵托嬰中心,116009,臺北市文山區久康街24巷36號1樓及38號1樓,(02)29386090,臺北市文山區久康街24巷36號,,
私立托嬰中心,臺北市私立幸福家托嬰中心,116012,臺北市文山區新光路1段31巷1號1樓,(02)29390678,臺北市文山區新光路一段31巷1號,,
私立托嬰中心,臺北市私立樂萌兒托嬰中心,116024,臺北市文山區木新路2段11號1樓及2樓,(02)29390569,臺北市文山區木新路二段11號,,
私立托嬰中心,臺北市私立愛兒福托嬰中心,116074,臺北市文山區辛亥路4段252巷8號及8之1號1樓,(02)29311099,臺北市文山區辛亥路四段252巷8號,,
私立托嬰中心,臺北市私立樂娃兒托嬰中心,116052,臺北市文山區羅斯福路6段159巷1弄18號1樓,(02)29315288,臺北市文山區羅斯福路六段159巷1弄18號,,
私立托嬰機關附設,臺北市私立滬江高級中學附設員工子女托嬰中心,116323,臺北市文山區羅斯福路6段336號1樓,(02)86632914,臺北市文山區羅斯福路六段336號,,
私立托嬰中心,臺北市私立艾貝兒托嬰中心,116056,臺北市文山區汀州路4段199號1樓,(02)29320062,臺北市文山區汀州路四段199號,,
私立托嬰中心,臺北市私立嘉樂托嬰中心,116003,臺北市文山區辛亥路7段3之1號1樓,(02)22360369,臺北市文山區辛亥路七段3之1號,,
私立托嬰中心,臺北市私立貝格爾樂佩托嬰中心,116019,臺北市文山區一壽街58號1樓,(02)29376901,臺北市文山區一壽街58號,,
私立托嬰中心,臺北市私立小牧人托嬰中心,116059,臺北市文山區羅斯福路5段88號2樓,(02)29315580,臺北市文山區羅斯福路五段88號,,
私立托嬰中心,臺北市私立貝格爾樂佩二館托嬰中心,116019,臺北市文山區一壽街60號1樓,(02)29376902,臺北市文山區一壽街60號,,
私立托嬰中心,臺北市私立芳馨園二館托嬰中心,112029,臺北市北投區大興街23巷35號1樓,(02)28981491,臺北市北投區大興街23巷35號,,
私立托嬰中心,臺北市私立安格托嬰中心,112062,臺北市北投區石牌路2段90巷17號2樓,(02)28237932,臺北市北投區石牌路二段90巷17號,,
私立托嬰中心,臺北市私立向暘托嬰中心,112043,臺北市北投區石牌路2段352號1樓,(02)28722873,臺北市北投區石牌路二段352號,,
私立托嬰中心,臺北市私立幼輝托嬰中心,112038,臺北市北投區明德路118巷17號1樓,(02)28232405,臺北市北投區明德路118巷17號,,
私立托嬰中心,臺北市私立可瑞荳托嬰中心,112028,臺北市北投區大業路506之1號1樓,(02)28932886,臺北市北投區大業路506之1號,,
私立托嬰中心,臺北市私立芳馨園托嬰中心,112061,臺北市北投區中央北路2段191號1樓,(02)28986662,臺北市北投區中央北路二段191號,,
私立托嬰中心,臺北市私立貝兒托嬰中心,112033,臺北市北投區吉利街158號1樓及2樓,(02)28280818,臺北市北投區吉利街158號,,
私立托嬰中心,臺北市私立小腳ㄚ托嬰中心,112033,臺北市北投區吉利街162號1樓,(02)28272659,臺北市北投區吉利街162號,,
私立托嬰中心,臺北市私立小腳丫大未來托嬰中心,112033,臺北巿北投區吉利街207號1樓,(02)28216575,臺北市北投區吉利街207號,,
私立托嬰中心,臺北市私立樂葳兒托嬰中心,112047,臺北市北投區文林北路112號1樓,(02)28282525,臺北市北投區文林北路112號,,
私立托嬰中心,臺北市私立滿月蒙特梭利托嬰中心,112027,臺北市北投區石牌路2段307號1樓,(02)28725617,臺北市北投區石牌路二段307號,,
私立托嬰中心,臺北市私立天華托嬰中心,112006,臺北市北投區光明路167號2樓,(02)28942666,臺北市北投區光明路167號,,
私立托嬰中心,臺北市私立是愛托嬰中心,112011,臺北市北投區永興路2段37號1樓,(02)28972500,臺北市北投區永興路二段37號,,
私立托嬰中心,臺北市私立禾禾托嬰中心,112058,臺北市北投區中央南路1段165號1樓,(02)28967333,臺北市北投區中央南路一段165號,,
私立托嬰中心,臺北市私立禾禾森林托嬰中心,112059,臺北市北投區承德路7段342之1號,(02)28221111,臺北市北投區承德路七段342之1號,,
私立托嬰中心,臺北市私立育晟托嬰中心,112053,臺北市北投區榮華三路25號2樓,(02)28216566,臺北市北投區榮華三路25號,,
私立托嬰中心,臺北市私立紘果托嬰中心,112051,臺北市北投區明德路85號1樓,(02)28281212,臺北市北投區明德路85號,,
私立托嬰中心,臺北市私立勁寶兒民權托嬰中心,105007,臺北市松山區民權東路3段106巷21弄5號1樓,(02)27199719,臺北市松山區民權東路三段106巷21弄5號,,
私立托嬰中心,臺北市私立豐村托嬰中心,105050,臺北市松山區光復南路13巷43號1樓,(02)27687959,臺北市松山區光復南路13巷43號,,
私立托嬰中心,臺北市私立玥康托嬰中心,105016,臺北市松山區民生東路4段80巷1弄11號1樓,(02)25467888,臺北市松山區民生東路四段80巷1弄11號,,
私立托嬰中心,臺北市私立多多托嬰中心,105044,臺北市松山區八德路3段12巷51弄19號1樓,(02)25791370,臺北市松山區八德路三段12巷51弄19號,,
私立托嬰中心,臺北市私立凱思托嬰中心,105035,臺北市松山區光復北路100巷8號1樓,(02)25791350,臺北市松山區光復北路100巷8號,,
私立托嬰中心,臺北市私立哈寶寶托嬰中心,105015,臺北市松山區民生東路5段36巷4弄41號1樓,(02)37651389,臺北市松山區民生東路五段36巷4弄41號,,
私立托嬰中心,臺北市私立耕心寶貝家族托嬰中心,105022,臺北市松山區南京東路4段53巷10弄12號1樓,(02)25460169,臺北市松山區南京東路四段53巷10弄12號,,
私立托嬰中心,臺北市私立牧星托嬰中心,105003,臺北市松山區復興北路427巷23號1樓,(02)25140228,臺北市松山區復興北路427巷23號,,
私立托嬰中心,臺北市私立采禾托嬰中心,105037,臺北市松山區八德路3段81號2樓之1,(02)25771163,臺北市松山區八德路三段81號,,
私立托嬰中心,臺北市私立日恩托嬰中心,105068,臺北市松山區健康路325巷18弄2號1樓,(02)27420968,臺北市松山區健康路325巷18弄2號,,
私立托嬰中心,臺北市私立健寶兒托嬰中心,105006,臺北市松山區敦化北路222巷15號1樓,(02)27123455,臺北市松山區敦化北路222巷15號,,
私立托嬰中心,臺北市私立勁寶兒延吉托嬰中心,105047,臺北市松山區光復南路32巷40號1樓及40之1號1樓,(02)25775826,臺北市松山區光復南路32巷40號,,
私立托嬰中心,臺北市私立哈寶貝托嬰中心,105010,臺北市松山區民生東路5段39之2號1樓,(02)27565859,臺北市松山區民生東路五段39之2號,,
私立托嬰中心,臺北市私立蒙檬托嬰中心,105034,臺北市松山區八德路4段111號3樓,(02)27672855,臺北市松山區八德路四段111號,,
私立托嬰中心,臺北市私立悅福托嬰中心,105023,臺北市松山區南京東路4段95號2樓,(02)25472977,臺北市松山區南京東路四段95號,,
私立托嬰中心,臺北市私立咩咩羊南京托嬰中心,105609,臺北市松山區南京東路5段63號2樓之1,(02)27666757,臺北市松山區南京東路五段63號,,
私立托嬰中心,臺北市私立天使寶貝蒙特梭利托嬰中心,105022,臺北市松山區敦化北路145巷71號1樓,(02)27126655,臺北市松山區敦化北路145巷71號,,
私立托嬰中心,臺北市私立咩咩羊托嬰中心,105051,臺北市松山區八德路4段36巷46號及48號1樓,(02)27655679,臺北市松山區八德路四段36巷46號,,
私立托嬰中心,臺北市私立小麥穗托嬰中心,105016,臺北市松山區光復北路165巷11號1樓,(02)27606896,臺北市松山區光復北路165巷11號,,
私立托嬰中心,臺北市私立育芯托嬰中心,105609,臺北市松山區三民路9號2樓之5,(02)87875598,臺北市松山區三民路9號,,
私立托嬰中心,臺北市私立愛可兒托嬰中心,105069,臺北市松山區健康路309號1樓,(02)27560533,臺北市松山區健康路309號,,
私立托嬰中心,臺北市私立新田小屋托嬰中心,105045,臺北市松山區八德路三段8巷37號1樓,(02)25783796,臺北市松山區八德路三段8巷37號,,
私立托嬰中心,臺北市私立麥穗兒托嬰中心,105027,臺北市松山區延壽街402巷2弄17號1樓,(02)27606996,臺北市松山區延壽街402巷2弄17號,,
私立托嬰中心,臺北市私立健寶兒敦北托嬰中心,105005,臺北市松山區民權東路3段106巷3弄55之1號1樓,(02)25466699,臺北市松山區民權東路三段106巷3弄55之1號,,
私立托嬰中心,臺北市私立童好托嬰中心,105032,臺北市松山區南京東路5段123巷6弄9號1樓,(02)87682202,臺北市松山區南京東路五段123巷6弄9號,,
私立托嬰中心,臺北市私立信義蒙特梭利托嬰中心,110054,臺北市信義區逸仙路38號1樓,(02)87861566,臺北市信義區逸仙路38號,,
私立托嬰中心,臺北市私立甜寶兒信義托嬰中心,110017,臺北市信義區松智路35號及37號1樓,(02)27298959,臺北市信義區松智路35號,,
私立托嬰中心,臺北市私立薇薇安娃娃國托嬰中心,110065,臺北市信義區忠孝東路5段236巷3弄29號2樓及2樓之1,(02)23459330,臺北市信義區忠孝東路五段236巷3弄29號,,
私立托嬰中心,臺北市私立薇薇安娃娃國松德園托嬰中心,110027,臺北市信義區松德路180巷11號1樓,(02)87869036,臺北市信義區松德路180巷11號,,
私立托嬰中心,臺北市私立薇薇安娃娃國信義園托嬰中心,110071,臺北市信義區忠孝東路5段236巷37弄33號1樓,(02)87801438,臺北市信義區忠孝東路五段236巷37弄33號,,
私立托嬰中心,臺北市私立信義小太陽托嬰中心,110040,臺北市信義區中坡南路98巷2號1樓,(02)27277726,臺北市信義區中坡南路98巷2號,,
私立托嬰中心,臺北市私立薇薇安娃娃國興雅園托嬰中心,110027,臺北市信義區松德路180巷9號1樓,(02)87869037,臺北市信義區松德路180巷9號,,
公設民營托嬰機關附設,臺北市政府員工子女托嬰中心（委託財團法人中華民國唐氏症基金會辦理）,110204,臺北市信義區市府路1號2樓（臺北市政府市政大樓南區）,(02)27583213,臺北市信義區市府路1號,,
私立托嬰機關附設,財團法人台灣中油股份有限公司職工福利委員會附設臺北市私立中油員工子女托嬰中心（委託社團法人新北市嬰幼兒托育協會辦理）,110207,臺北市信義區松仁路3號3樓,(02)23451666,臺北市信義區松仁路3號,,
私立托嬰中心,臺北市私立幸福晨陽托嬰中心,110003,臺北市信義區信安街200號2樓,(02)87328627,臺北市信義區信安街200號,,
私立托嬰中心,臺北市私立娃娃家蒙特梭利托嬰中心,110032,臺北市信義區信義路6段15巷12弄3號1樓,(02)27592369,臺北市信義區信義路六段15巷12弄3號,,
私立托嬰中心,臺北市私立橄欖樹托嬰中心,110040,臺北市信義區忠孝東路5段790巷23弄7號1樓,(02)27590511,臺北市信義區忠孝東路五段790巷23弄7號,,
私立托嬰中心,臺北市私立睿芯優質托嬰中心,110032,臺北市信義區松德路161號之四1樓、161號2樓,(02)27270203,臺北市信義區松德路161號,,
私立托嬰中心,臺北市私立悅澤托嬰中心,110061,臺北市信義區忠孝東路5段372巷27弄67-2號1樓,(02)87867616,臺北市信義區忠孝東路五段372巷27弄67之2號,,
私立托嬰中心,臺北市私立澳蔓學托嬰中心,110027,臺北市信義區信義路6段12巷21號1樓,(02)23461221,臺北市信義區信義路六段12巷21號,,
私立托嬰中心,臺北市私立恩典心意托嬰中心,110033,臺北市信義區信義路6段36號1樓,(02)27272755,臺北市信義區信義路六段36號,,
私立托嬰中心,臺北市私立小狀元托嬰中心,115018,臺北市南港區市民大道8段369號2樓之1,(02)27885829,臺北市南港區市民大道八段369號,,
私立托嬰中心,臺北市私立愛寶貝南港園托嬰中心,115021,臺北市南港區研究院路1段49號及51號1樓,(02)26512407,臺北市南港區研究院路一段49號,,
私立托嬰中心,臺北市私立中研托嬰中心（社團法人臺北市大大小小健康促進協會辦理）,115015,臺北市南港區研究院路2段61巷9號1樓,(02)26538812,臺北市南港區研究院路二段61巷9號,,
私立托嬰中心,臺北市私立拉斐爾甜心托嬰中心,115018,臺北市南港區經貿二路231號2樓,(02)26518040,臺北市南港區經貿二路231號,,
私立托嬰中心,臺北市私立荳寶托嬰中心,115001,臺北市南港區興南街50號及52巷1號1樓,(02)27835265,臺北市南港區興南街50號,,
私立托嬰中心,臺北市私立拉斐爾微笑托嬰中心,115029,臺北市南港區興中路68巷6號2樓之1、2樓之2,(02)27888952,臺北市南港區興中路68巷6號,,
私立托嬰中心,臺北市私立夢想園托嬰中心,115010,臺北市南港區重陽路390號1樓,(02)27889889,臺北市南港區重陽路390號,,
私立托嬰中心,臺北市私立愛寶貝南軟園托嬰中心,115018,臺北市南港區南港路1段2巷27號1樓,(02)27834082,臺北市南港區南港路一段2巷27號,,
私立托嬰中心,臺北市私立萌田蒙特梭利托嬰中心,115021,臺北巿南港區富康街47巷16號1樓,(02)26403216,臺北市南港區富康街47巷16號,,
私立托嬰中心,臺北市私立小飯糰托嬰中心,115017,臺北市南港區玉成街140巷9號1樓,(02)27852849,臺北市南港區玉成街140巷9號,,
私立托嬰中心,臺北市私立小育龍托嬰中心,108037,臺北市萬華區萬大路61號2樓,(02)23089200,臺北市萬華區萬大路61號,,
私立托嬰中心,臺北市私立安馨托嬰中心,108048,臺北市萬華區中華路2段364巷5號1樓,(02)23391661,臺北市萬華區中華路二段364巷5號,,
私立托嬰中心,臺北市私立小育龍莒光托嬰中心,108030,臺北市萬華區莒光路175號2樓,(02)23043118,臺北市萬華區莒光路175號,,
私立托嬰中心,臺北市私立瑞吉歐托嬰中心,108048,臺北市萬華區中華路2段364巷17號1樓,(02)23017002,臺北市萬華區中華路二段364巷17號,,
私立托嬰中心,臺北市私立安馨寶貝托嬰中心,108048,臺北市萬華區中華路2段364巷13號1樓,(02)23097027,臺北市萬華區中華路二段364巷13號,,
私立托嬰中心,臺北市私立小時候托嬰中心,108056,臺北市萬華區萬大路423巷46號1樓,(02)23073636,臺北市萬華區萬大路423巷46號,,
私立托嬰中心,臺北市私立小時候青年托嬰中心,108056,臺北市萬華區青年路152巷12號1樓,(02)23055520,臺北市萬華區青年路152巷12號,,
私立托嬰中心,臺北市私立小育龍西園托嬰中心,108025,臺北市萬華區西園路2段133號2樓,(02)23381058,臺北市萬華區西園路二段133號,,
